timestamp,open,high,low,close,status_candle
2025-10-22 00:00:00,108247.9,108573.9,107779.5,107932.2,1
2025-10-22 01:00:00,107932.3,108413.6,107932.3,108304.8,1
2025-10-22 02:00:00,108305.1,108625.4,108146.5,108147.8,1
2025-10-22 03:00:00,108147.8,108171.5,107811.2,108160.2,1
2025-10-22 04:00:00,108159.9,108569.2,108097.3,108552.8,1
2025-10-22 05:00:00,108553.1,108580.9,107828.7,108114.5,1
2025-10-22 06:00:00,108114.5,108282.7,107896.5,107930.2,1
2025-10-22 07:00:00,107930.2,108277.1,107560.6,108277.1,1
2025-10-22 08:00:00,108277.1,108301.7,108028.7,108162.5,1
2025-10-22 09:00:00,108162.4,108221.9,107715.7,107900.2,1
2025-10-22 10:00:00,107900.2,108062.3,107580.3,107596.2,1
2025-10-22 11:00:00,107596.6,108166.9,106644.5,107497.7,1
2025-10-22 12:00:00,107497.7,108336.2,107389.1,107974.5,1
2025-10-22 13:00:00,107974.8,108972.5,107560.0,108725.1,1
2025-10-22 14:00:00,108724.8,108970.8,107422.0,108891.2,1
2025-10-22 15:00:00,108894.4,109115.9,107690.5,108360.2,1
2025-10-22 16:00:00,108360.4,108760.2,107782.9,108173.9,1
2025-10-22 17:00:00,108173.8,108298.2,107515.8,107738.5,1
2025-10-22 18:00:00,107738.6,108169.0,107411.9,107989.1,1
2025-10-22 19:00:00,107989.0,108359.9,107675.9,107831.4,1
2025-10-22 20:00:00,107829.6,108025.2,107452.8,107646.5,1
2025-10-22 21:00:00,107646.5,107706.3,106629.9,107162.9,1
2025-10-22 22:00:00,107163.0,107628.9,106873.4,107151.4,1
2025-10-22 23:00:00,107151.4,107899.1,107123.4,107528.2,1
2025-10-23 00:00:00,107528.2,107938.7,107460.2,107809.8,1
2025-10-23 01:00:00,107809.9,108450.6,107763.4,108104.2,1
2025-10-23 02:00:00,108104.3,108373.5,108011.8,108373.5,1
2025-10-23 03:00:00,108373.6,108686.1,108265.4,108311.2,1
2025-10-23 04:00:00,108311.1,108881.4,108295.1,108593.7,1
2025-10-23 05:00:00,108593.6,108938.9,108566.5,108897.8,1
2025-10-23 06:00:00,108897.9,110256.4,108806.1,110182.0,1
2025-10-23 07:00:00,110182.0,110213.9,109170.1,109230.1,1
2025-10-23 08:00:00,109230.1,109869.4,109205.2,109463.4,1
2025-10-23 09:00:00,109463.4,109504.7,109087.0,109389.0,1
2025-10-23 10:00:00,109389.2,109672.7,109335.5,109390.5,1
2025-10-23 11:00:00,109390.2,109611.9,109076.2,109220.8,1
2025-10-23 12:00:00,109220.8,109220.8,108642.5,109126.4,1
2025-10-23 13:00:00,109126.4,109581.4,108767.0,109451.8,1
2025-10-23 14:00:00,109451.9,109767.0,108652.0,109532.7,1
2025-10-23 15:00:00,109532.7,110051.4,109424.2,109841.9,1
2025-10-23 16:00:00,109841.9,110533.0,109592.7,110200.1,1
2025-10-23 17:00:00,110200.1,111236.9,109579.2,111171.0,1
2025-10-23 18:00:00,111171.5,111238.8,110203.7,110520.4,1
2025-10-23 19:00:00,110520.4,110574.8,110039.6,110144.5,1
2025-10-23 20:00:00,110144.4,110145.8,109295.7,109467.2,1
2025-10-23 21:00:00,109467.2,109672.6,109309.1,109488.3,1
2025-10-23 22:00:00,109488.4,110106.0,109460.6,109871.9,1
2025-10-23 23:00:00,109871.8,110045.0,109770.7,110009.5,1
2025-10-24 00:00:00,110009.5,110641.2,109926.4,110438.4,1
2025-10-24 01:00:00,110438.4,110617.1,110080.0,110522.3,1
2025-10-24 02:00:00,110522.4,110766.0,110296.9,110512.5,1
2025-10-24 03:00:00,110513.3,110592.4,110220.7,110397.8,1
2025-10-24 04:00:00,110397.8,111442.5,110285.5,111119.3,1
2025-10-24 05:00:00,111119.3,111271.7,110883.5,111205.6,1
2025-10-24 06:00:00,111205.7,111455.8,111074.3,111409.7,1
2025-10-24 07:00:00,111409.7,111486.4,110718.0,111008.7,1
2025-10-24 08:00:00,111008.7,111206.9,110660.5,111060.3,1
2025-10-24 09:00:00,111060.4,111453.0,110952.9,111290.2,1
2025-10-24 10:00:00,111290.1,111290.1,111018.4,111077.3,1
2025-10-24 11:00:00,111077.3,111241.4,110558.2,111021.2,1
2025-10-24 12:00:00,111021.4,112087.0,110824.8,111246.8,1
2025-10-24 13:00:00,111247.1,111401.7,110315.3,110887.2,1
2025-10-24 14:00:00,110887.1,110887.1,109638.9,110157.2,1
2025-10-24 15:00:00,110157.7,110567.7,109830.1,110002.9,1
2025-10-24 16:00:00,110002.9,110342.3,109747.2,110208.9,1
2025-10-24 17:00:00,110208.9,110521.8,110126.9,110157.7,1
2025-10-24 18:00:00,110157.6,110595.4,110092.9,110545.3,1
2025-10-24 19:00:00,110545.3,110892.5,110463.2,110567.2,1
2025-10-24 20:00:00,110565.6,110968.0,110420.9,110842.5,1
2025-10-24 21:00:00,110842.4,111057.0,110569.2,111024.1,1
2025-10-24 22:00:00,111024.1,111080.4,110861.8,110967.4,1
2025-10-24 23:00:00,110967.4,111076.8,110817.0,110961.1,1
2025-10-25 00:00:00,110961.1,110993.6,110599.5,110719.2,1
2025-10-25 01:00:00,110719.2,111200.8,110700.2,111034.6,1
2025-10-25 02:00:00,111034.6,111093.3,110909.2,110991.0,1
2025-10-25 03:00:00,110991.0,111099.2,110943.9,110968.6,1
2025-10-25 04:00:00,110968.7,111398.1,110968.7,111175.8,1
2025-10-25 05:00:00,111175.8,111372.6,111023.8,111325.6,1
2025-10-25 06:00:00,111325.6,111445.7,111196.1,111307.2,1
2025-10-25 07:00:00,111307.2,111778.3,111307.1,111462.7,1
2025-10-25 08:00:00,111462.7,111754.4,111437.9,111714.3,1
2025-10-25 09:00:00,111714.3,111797.9,111434.0,111469.9,1
2025-10-25 10:00:00,111469.8,111678.2,111330.2,111515.8,1
2025-10-25 11:00:00,111515.7,111624.0,111426.3,111522.6,1
2025-10-25 12:00:00,111522.6,111898.4,111475.3,111851.8,1
2025-10-25 13:00:00,111852.1,111880.2,111460.5,111632.4,1
2025-10-25 14:00:00,111632.3,111726.5,111459.2,111543.6,1
2025-10-25 15:00:00,111543.8,111544.8,111264.2,111332.7,1
2025-10-25 16:00:00,111332.7,111435.8,111116.8,111324.2,1
2025-10-25 17:00:00,111324.4,111411.4,111236.4,111332.8,1
2025-10-25 18:00:00,111332.7,111688.4,111250.0,111659.4,1
2025-10-25 19:00:00,111659.4,111673.5,111516.1,111565.0,1
2025-10-25 20:00:00,111565.0,111603.9,111315.3,111382.3,1
2025-10-25 21:00:00,111382.3,111428.7,111277.1,111423.5,1
2025-10-25 22:00:00,111423.4,111641.5,111353.7,111568.5,1
2025-10-25 23:00:00,111568.5,111632.7,111478.5,111583.4,1
2025-10-26 00:00:00,111583.4,111868.0,111480.7,111667.8,1
2025-10-26 01:00:00,111667.8,111790.3,111460.8,111579.7,1
2025-10-26 02:00:00,111579.7,111624.4,111348.7,111399.9,1
2025-10-26 03:00:00,111399.9,111456.7,111199.7,111215.6,1
2025-10-26 04:00:00,111215.6,111427.1,111204.7,111376.2,1
2025-10-26 05:00:00,111376.2,111605.5,111306.6,111554.7,1
2025-10-26 06:00:00,111554.7,111633.4,111482.4,111571.5,1
2025-10-26 07:00:00,111571.5,111686.0,111561.4,111680.1,1
2025-10-26 08:00:00,111680.1,111809.8,111676.4,111730.0,1
2025-10-26 09:00:00,111729.9,112768.2,111652.1,112482.9,1
2025-10-26 10:00:00,112483.0,112535.0,112134.0,112438.1,1
2025-10-26 11:00:00,112438.1,113431.2,112375.3,113246.8,1
2025-10-26 12:00:00,113246.9,113794.0,113237.9,113530.7,1
2025-10-26 13:00:00,113530.6,114000.3,113225.5,113666.4,1
2025-10-26 14:00:00,113667.0,113835.3,113476.1,113520.0,1
2025-10-26 15:00:00,113520.0,113696.6,113370.7,113654.1,1
2025-10-26 16:00:00,113654.1,113715.1,113221.3,113473.0,1
2025-10-26 17:00:00,113470.6,113704.1,113381.9,113385.7,1
2025-10-26 18:00:00,113385.7,113725.1,113379.3,113543.9,1
2025-10-26 19:00:00,113543.9,113669.0,113443.5,113533.1,1
2025-10-26 20:00:00,113533.1,113533.1,113237.8,113245.5,1
2025-10-26 21:00:00,113245.8,113537.3,112843.8,113451.7,1
2025-10-26 22:00:00,113451.9,115578.0,113450.2,114652.2,1
2025-10-26 23:00:00,114652.7,114940.3,114331.9,114511.2,1
2025-10-27 00:00:00,114509.8,115136.2,114326.3,114722.3,1
2025-10-27 01:00:00,114722.0,115341.0,114661.1,115225.6,1
2025-10-27 02:00:00,115225.6,115418.8,114770.3,114845.6,1
2025-10-27 03:00:00,114845.3,115218.1,114790.1,114932.2,1
2025-10-27 04:00:00,114932.5,115243.5,114899.9,115192.6,1
2025-10-27 05:00:00,115192.8,115595.5,115192.8,115483.0,1
2025-10-27 06:00:00,115483.0,116072.2,115277.3,115998.2,1
2025-10-27 07:00:00,115998.2,116364.2,115444.9,115515.3,1
2025-10-27 08:00:00,115515.3,115569.0,114854.2,114988.8,1
2025-10-27 09:00:00,114988.8,115331.8,114781.6,115217.5,1
2025-10-27 10:00:00,115218.3,115526.0,115080.9,115417.6,1
2025-10-27 11:00:00,115417.6,115489.3,115084.4,115303.4,1
2025-10-27 12:00:00,115303.6,115406.2,114950.0,115021.1,1
2025-10-27 13:00:00,115021.3,115375.0,114552.7,115208.8,1
2025-10-27 14:00:00,115208.8,115308.6,114430.5,114762.1,1
2025-10-27 15:00:00,114762.0,115176.6,114727.4,114906.4,1
2025-10-27 16:00:00,114906.4,115590.2,114815.0,115427.5,1
2025-10-27 17:00:00,115427.6,115648.0,115235.0,115638.8,1
2025-10-27 18:00:00,115637.2,115735.6,115255.6,115281.5,1
2025-10-27 19:00:00,115281.6,115282.2,114731.8,114890.7,1
2025-10-27 20:00:00,114895.8,114895.8,114355.7,114402.4,1
2025-10-27 21:00:00,114401.4,114594.0,114089.9,114257.4,1
2025-10-27 22:00:00,114257.4,114550.2,114008.6,114081.8,1
2025-10-27 23:00:00,114081.6,114178.9,113805.2,114059.8,1
2025-10-28 00:00:00,114059.8,114334.9,113733.9,113932.4,1
2025-10-28 01:00:00,113932.4,114495.2,113932.4,114381.8,1
2025-10-28 02:00:00,114383.1,114434.7,113529.9,113887.7,1
2025-10-28 03:00:00,113887.3,114068.3,113682.3,113866.6,1
2025-10-28 04:00:00,113866.8,114027.4,113714.6,113913.8,1
2025-10-28 05:00:00,113913.6,113954.7,113455.6,113568.5,1
2025-10-28 06:00:00,113568.6,114135.9,113568.6,114058.8,1
2025-10-28 07:00:00,114058.8,114320.2,114032.9,114124.3,1
2025-10-28 08:00:00,114124.3,114414.0,114056.7,114352.1,1
2025-10-28 09:00:00,114352.3,114571.7,114117.4,114453.3,1
2025-10-28 10:00:00,114453.2,114549.1,114355.2,114532.3,1
2025-10-28 11:00:00,114532.4,114605.3,114222.4,114283.2,1
2025-10-28 12:00:00,114283.2,114468.8,114072.6,114391.8,1
2025-10-28 13:00:00,114392.0,115482.2,114392.0,115480.4,1
2025-10-28 14:00:00,115480.7,116056.2,114181.2,115020.9,1
2025-10-28 15:00:00,115020.8,115364.7,114459.2,114593.8,1
2025-10-28 16:00:00,114593.8,115450.8,114480.0,115305.8,1
2025-10-28 17:00:00,115305.8,115551.4,115182.9,115254.6,1
2025-10-28 18:00:00,115254.7,115330.8,114593.3,114969.4,1
2025-10-28 19:00:00,114969.2,115018.3,113501.3,113634.7,1
2025-10-28 20:00:00,113635.6,113657.6,112270.9,112733.7,1
2025-10-28 21:00:00,112733.6,113183.6,112149.3,112952.6,1
2025-10-28 22:00:00,112952.7,113235.4,112776.9,113163.6,1
2025-10-28 23:00:00,113163.6,113167.6,112718.9,112847.9,1
2025-10-29 00:00:00,112847.9,112852.5,112361.0,112361.1,1
2025-10-29 01:00:00,112360.2,112904.0,112015.1,112419.3,1
2025-10-29 02:00:00,112419.3,112728.8,112322.6,112603.9,1
2025-10-29 03:00:00,112603.9,112603.9,112252.4,112455.6,1
2025-10-29 04:00:00,112455.5,112823.8,112429.0,112737.5,1
2025-10-29 05:00:00,112738.2,113290.4,112729.0,112956.0,1
2025-10-29 06:00:00,112956.0,113284.3,112881.8,113210.8,1
2025-10-29 07:00:00,113210.8,113516.2,113159.8,113502.4,1
2025-10-29 08:00:00,113502.4,113558.5,112877.5,113013.3,1
2025-10-29 09:00:00,113007.7,113040.3,112711.8,112924.8,1
2025-10-29 10:00:00,112924.8,113141.8,112677.1,112810.3,1
2025-10-29 11:00:00,112810.4,113206.4,112686.5,113088.9,1
2025-10-29 12:00:00,113088.9,113284.8,113008.2,113111.6,1
2025-10-29 13:00:00,113111.6,113591.9,112649.1,112822.3,1
2025-10-29 14:00:00,112822.3,112873.2,112198.3,112445.2,1
2025-10-29 15:00:00,112445.2,112536.7,111338.3,111458.7,1
2025-10-29 16:00:00,111458.7,111468.3,110889.9,111068.1,1
2025-10-29 17:00:00,111066.9,111871.3,110950.5,111788.6,1
2025-10-29 18:00:00,111804.7,111975.2,109124.9,110748.1,1
2025-10-29 19:00:00,110748.0,111389.4,110092.5,110570.2,1
2025-10-29 20:00:00,110573.0,111492.6,110337.6,111372.9,1
2025-10-29 21:00:00,111372.8,111744.3,111312.6,111564.6,1
2025-10-29 22:00:00,111564.9,111565.6,110893.5,110971.9,1
2025-10-29 23:00:00,110971.8,111024.6,109686.3,109977.0,1
2025-10-30 00:00:00,109977.0,110538.9,109682.7,110513.6,1
2025-10-30 01:00:00,110513.6,110675.5,110202.6,110397.3,1
2025-10-30 02:00:00,110397.8,110952.4,110282.7,110919.0,1
2025-10-30 03:00:00,110918.9,110932.6,110475.2,110709.0,1
2025-10-30 04:00:00,110707.8,110707.8,107889.7,108509.5,1
2025-10-30 05:00:00,108509.4,110373.0,108371.5,110189.5,1
2025-10-30 06:00:00,110189.5,110926.5,109916.9,110717.4,1
2025-10-30 07:00:00,110717.5,111558.1,110593.9,111314.6,1
2025-10-30 08:00:00,111314.6,111374.3,110600.5,110644.4,1
2025-10-30 09:00:00,110644.4,110748.9,110045.9,110123.7,1
2025-10-30 10:00:00,110123.6,110179.1,109765.2,110058.0,1
2025-10-30 11:00:00,110057.9,110105.3,109665.3,109669.1,1
2025-10-30 12:00:00,109669.3,109749.7,108237.0,108352.0,1
2025-10-30 13:00:00,108352.1,108707.3,107350.3,107577.6,1
2025-10-30 14:00:00,107576.1,108313.5,107564.6,108210.9,1
2025-10-30 15:00:00,108209.0,108281.3,107269.8,107654.8,1
2025-10-30 16:00:00,107654.8,108165.4,107509.2,108088.2,1
2025-10-30 17:00:00,108088.1,108097.4,106742.0,107435.5,1
2025-10-30 18:00:00,107435.3,107508.2,106747.2,106792.2,1
2025-10-30 19:00:00,106794.0,107107.3,106266.7,106493.6,1
2025-10-30 20:00:00,106493.3,107607.2,106264.3,107457.4,1
2025-10-30 21:00:00,107457.3,107904.0,107350.7,107858.4,1
2025-10-30 22:00:00,107858.6,107883.2,107413.3,107863.8,1
2025-10-30 23:00:00,107863.8,108286.7,107547.9,108262.2,1
2025-10-31 00:00:00,108262.2,109554.7,108214.3,109263.6,1
2025-10-31 01:00:00,109263.8,109986.3,109129.6,109573.8,1
2025-10-31 02:00:00,109573.8,109634.9,108494.9,108795.6,1
2025-10-31 03:00:00,108795.5,109263.7,108547.8,109161.8,1
2025-10-31 04:00:00,109161.8,110162.0,109036.8,110012.3,1
2025-10-31 05:00:00,110012.5,110012.6,109621.0,109837.6,1
2025-10-31 06:00:00,109837.7,109915.4,109447.5,109592.0,1
2025-10-31 07:00:00,109591.7,109752.5,109203.1,109401.1,1
2025-10-31 08:00:00,109401.1,110066.2,109144.4,110018.6,1
2025-10-31 09:00:00,110018.7,110411.8,109755.0,109812.9,1
2025-10-31 10:00:00,109813.1,110073.4,109658.0,109778.7,1
2025-10-31 11:00:00,109773.3,110477.7,109420.7,110385.5,1
2025-10-31 12:00:00,110385.6,110665.8,109564.9,109605.4,1
2025-10-31 13:00:00,109605.3,110193.5,109307.9,110096.8,1
2025-10-31 14:00:00,110097.1,110952.5,109515.9,110707.5,1
2025-10-31 15:00:00,110707.8,111088.5,110052.2,110136.1,1
2025-10-31 16:00:00,110136.1,110240.0,108621.8,108778.6,1
2025-10-31 17:00:00,108779.1,109361.5,108574.6,109242.9,1
2025-10-31 18:00:00,109243.0,109771.1,108919.8,109392.6,1
2025-10-31 19:00:00,109392.6,110191.2,109064.2,109777.8,1
2025-10-31 20:00:00,109778.2,109782.4,109379.1,109420.2,1
2025-10-31 21:00:00,109420.9,109695.0,109256.1,109509.5,1
2025-10-31 22:00:00,109509.7,109743.5,109416.0,109530.9,1
2025-10-31 23:00:00,109530.9,109631.6,109454.7,109547.3,1
2025-11-01 00:00:00,109547.3,109694.4,109331.1,109676.7,1
2025-11-01 01:00:00,109676.7,109993.9,109639.4,109672.4,1
2025-11-01 02:00:00,109672.5,109819.6,109413.1,109731.5,1
2025-11-01 03:00:00,109731.5,110244.8,109728.1,110176.5,1
2025-11-01 04:00:00,110176.4,110504.6,110053.8,110223.5,1
2025-11-01 05:00:00,110223.5,110319.3,109981.2,110068.2,1
2025-11-01 06:00:00,110068.3,110121.1,109887.8,109953.2,1
2025-11-01 07:00:00,109953.2,110204.8,109939.8,110012.8,1
2025-11-01 08:00:00,110012.8,110217.5,110011.0,110189.2,1
2025-11-01 09:00:00,110189.1,110209.5,109910.4,109955.4,1
2025-11-01 10:00:00,109955.4,110133.0,109781.5,110118.7,1
2025-11-01 11:00:00,110118.8,110188.8,109949.1,110096.2,1
2025-11-01 12:00:00,110096.1,110163.6,109955.8,109974.3,1
2025-11-01 13:00:00,109974.3,110012.2,109655.0,109897.2,1
2025-11-01 14:00:00,109897.3,109952.3,109674.7,109887.1,1
2025-11-01 15:00:00,109887.1,110302.3,109855.8,110240.1,1
2025-11-01 16:00:00,110243.7,110482.1,110134.5,110418.6,1
2025-11-01 17:00:00,110418.6,110449.3,110126.6,110147.5,1
2025-11-01 18:00:00,110147.4,110318.9,110135.3,110279.6,1
2025-11-01 19:00:00,110279.6,110279.6,110163.2,110247.9,1
2025-11-01 20:00:00,110247.9,110466.6,110241.3,110357.4,1
2025-11-01 21:00:00,110357.4,110384.5,109802.1,109810.9,1
2025-11-01 22:00:00,109810.9,110054.2,109810.9,110047.7,1
2025-11-01 23:00:00,110047.7,110097.5,109913.0,110050.5,1
2025-11-02 00:00:00,110050.5,110089.7,109845.7,109933.0,1
2025-11-02 01:00:00,109933.0,110054.5,109864.8,109928.9,1
2025-11-02 02:00:00,109928.9,110221.2,109832.2,109989.4,1
2025-11-02 03:00:00,109983.9,110046.4,109905.1,109992.1,1
2025-11-02 04:00:00,109992.2,110738.2,109965.9,110628.0,1
2025-11-02 05:00:00,110628.0,110670.4,110228.6,110466.9,1
2025-11-02 06:00:00,110465.8,110678.4,110250.5,110607.8,1
2025-11-02 07:00:00,110607.8,110995.1,110373.0,110844.2,1
2025-11-02 08:00:00,110844.1,110965.0,110654.7,110805.0,1
2025-11-02 09:00:00,110804.9,111000.2,110464.0,110661.4,1
2025-11-02 10:00:00,110661.4,110816.8,110309.8,110449.4,1
2025-11-02 11:00:00,110449.4,111191.6,110435.4,111151.2,1
2025-11-02 12:00:00,111151.2,111203.5,110633.2,110695.5,1
2025-11-02 13:00:00,110695.5,110715.4,110116.0,110510.5,1
2025-11-02 14:00:00,110510.9,110622.2,110134.5,110364.7,1
2025-11-02 15:00:00,110364.7,110517.4,110031.4,110062.6,1
2025-11-02 16:00:00,110062.6,110093.7,109684.0,110058.8,1
2025-11-02 17:00:00,110058.7,110221.8,109965.1,110144.8,1
2025-11-02 18:00:00,110144.7,110291.7,110117.9,110288.9,1
2025-11-02 19:00:00,110288.8,110288.9,109906.3,110134.3,1
2025-11-02 20:00:00,110134.3,110168.2,109837.3,110037.8,1
2025-11-02 21:00:00,110037.8,110089.1,109920.7,109950.5,1
2025-11-02 22:00:00,109950.5,109978.9,109415.9,109863.4,1
2025-11-02 23:00:00,109863.1,110686.8,109863.1,110494.5,1
2025-11-03 00:00:00,110494.7,110712.7,109702.5,109702.9,1
2025-11-03 01:00:00,109702.5,109848.1,109317.5,109613.5,1
2025-11-03 02:00:00,109613.5,109707.7,108618.3,108985.9,1
2025-11-03 03:00:00,108986.1,109110.8,107866.1,107875.5,1
2025-11-03 04:00:00,107875.6,107949.4,107433.8,107850.0,1
2025-11-03 05:00:00,107850.0,107995.4,107351.7,107554.4,1
2025-11-03 06:00:00,107554.4,107666.3,106964.8,107445.8,1
2025-11-03 07:00:00,107445.9,107790.5,107218.7,107420.5,1
2025-11-03 08:00:00,107420.4,107665.8,106949.0,107550.4,1
2025-11-03 09:00:00,107548.4,107868.9,107047.1,107170.4,1
2025-11-03 10:00:00,107170.4,107577.9,106707.6,106919.1,1
2025-11-03 11:00:00,106919.9,107861.9,106919.9,107746.0,1
2025-11-03 12:00:00,107746.0,108201.8,107649.8,107705.3,1
2025-11-03 13:00:00,107705.3,107998.7,107519.2,107851.7,1
2025-11-03 14:00:00,107851.8,108281.4,107305.1,108013.5,1
2025-11-03 15:00:00,108013.6,108108.2,105440.1,105703.1,1
2025-11-03 16:00:00,105703.1,106734.6,105264.3,106620.9,1
2025-11-03 17:00:00,106620.9,107704.6,106470.7,107412.6,1
2025-11-03 18:00:00,107412.7,107532.1,106752.2,106902.6,1
2025-11-03 19:00:00,106901.8,107329.8,106384.4,107022.6,1
2025-11-03 20:00:00,107022.4,107108.3,106259.5,106605.0,1
2025-11-03 21:00:00,106605.1,107042.9,106027.4,106839.6,1
2025-11-03 22:00:00,106839.6,106839.6,105745.5,106445.4,1
2025-11-03 23:00:00,106445.4,106716.2,105988.3,106534.0,1
2025-11-04 00:00:00,106534.0,106777.3,105801.6,106431.6,1
2025-11-04 01:00:00,106431.5,107252.6,106231.7,106995.2,1
2025-11-04 02:00:00,106994.8,107185.0,106418.7,106433.6,1
2025-11-04 03:00:00,106433.6,107184.2,106167.1,107098.4,1
2025-11-04 04:00:00,107098.4,107238.3,106658.0,106685.6,1
2025-11-04 05:00:00,106685.7,106685.9,104157.4,104187.5,1
2025-11-04 06:00:00,104187.0,105176.1,104141.8,104720.3,1
2025-11-04 07:00:00,104719.4,104888.2,104262.6,104441.2,1
2025-11-04 08:00:00,104441.3,104598.3,103713.2,104021.8,1
2025-11-04 09:00:00,104022.1,104111.5,103597.7,103818.5,1
2025-11-04 10:00:00,103818.6,104066.2,103570.0,103782.0,1
2025-11-04 11:00:00,103782.3,104664.4,103737.4,104534.6,1
2025-11-04 12:00:00,104534.7,104589.1,103785.6,103896.1,1
2025-11-04 13:00:00,103896.1,104193.4,103525.3,103864.1,1
2025-11-04 14:00:00,103864.1,104645.9,102872.8,104453.3,1
2025-11-04 15:00:00,104453.2,104795.7,103143.4,103154.1,1
2025-11-04 16:00:00,103155.0,103465.1,102134.4,102218.2,1
2025-11-04 17:00:00,102218.2,102218.2,100747.0,101076.9,1
2025-11-04 18:00:00,101076.8,101458.5,99975.8,101325.1,1
2025-11-04 19:00:00,101325.0,101672.8,100350.7,100496.1,1
2025-11-04 20:00:00,100495.1,101074.2,99513.7,100727.1,1
2025-11-04 21:00:00,100726.8,100802.6,98900.6,100271.3,1
2025-11-04 22:00:00,100271.5,101849.6,100039.8,101228.0,1
2025-11-04 23:00:00,101240.0,101687.2,100846.7,101423.6,1
2025-11-05 00:00:00,101423.5,101695.4,100305.1,100521.5,1
2025-11-05 01:00:00,100522.8,100962.5,98920.2,100679.6,1
2025-11-05 02:00:00,100690.8,101881.6,100690.8,101636.9,1
2025-11-05 03:00:00,101636.3,102224.0,101406.5,102088.9,1
2025-11-05 04:00:00,102088.4,102207.3,101484.3,101952.2,1
2025-11-05 05:00:00,101952.3,102318.8,101554.8,101776.6,1
2025-11-05 06:00:00,101776.5,102093.2,101437.9,102069.4,1
2025-11-05 07:00:00,102069.4,102119.4,101551.6,101963.2,1
2025-11-05 08:00:00,101963.2,101970.9,101136.0,101655.9,1
2025-11-05 09:00:00,101655.9,102168.2,101562.4,101948.2,1
2025-11-05 10:00:00,101949.3,101955.1,101253.7,101360.5,1
2025-11-05 11:00:00,101358.4,102061.3,101335.2,102029.5,1
2025-11-05 12:00:00,102029.5,102734.6,101871.2,102611.4,1
2025-11-05 13:00:00,102611.4,103199.6,102224.5,102927.3,1
2025-11-05 14:00:00,102927.0,103426.5,102120.5,103158.5,1
2025-11-05 15:00:00,103162.5,103761.9,102791.2,103676.7,1
2025-11-05 16:00:00,103676.7,103997.9,103044.2,103878.5,1
2025-11-05 17:00:00,103878.7,103971.0,103332.8,103864.1,1
2025-11-05 18:00:00,103864.3,104387.9,103716.8,104300.2,1
2025-11-05 19:00:00,104301.2,104478.4,103926.1,103947.9,1
2025-11-05 20:00:00,103947.9,104486.3,103575.7,103791.8,1
2025-11-05 21:00:00,103791.7,103791.7,103476.5,103622.3,1
2025-11-05 22:00:00,103622.4,103740.4,103238.0,103655.9,1
2025-11-05 23:00:00,103655.9,104055.0,103610.7,103833.6,1
2025-11-06 00:00:00,103833.6,103835.3,103274.4,103629.0,1
2025-11-06 01:00:00,103629.0,103629.0,102684.8,103325.8,1
2025-11-06 02:00:00,103325.6,103546.5,102816.4,103284.3,1
2025-11-06 03:00:00,103283.2,103916.0,103281.8,103601.9,1
2025-11-06 04:00:00,103601.9,104174.7,103532.2,103984.2,1
2025-11-06 05:00:00,103984.2,103984.4,103037.6,103108.2,1
2025-11-06 06:00:00,103108.2,103568.3,102964.2,103288.0,1
2025-11-06 07:00:00,103287.9,103541.4,102867.8,103150.1,1
2025-11-06 08:00:00,103150.1,103415.9,102943.4,103174.0,1
2025-11-06 09:00:00,103174.0,103241.0,102781.8,102781.8,1
2025-11-06 10:00:00,102781.5,103266.5,102617.4,103099.9,1
2025-11-06 11:00:00,103099.9,103276.1,102709.7,103198.6,1
2025-11-06 12:00:00,103198.6,103307.0,102326.4,102506.1,1
2025-11-06 13:00:00,102506.3,103594.2,102506.3,103271.7,1
2025-11-06 14:00:00,103271.6,103526.9,101991.2,102077.3,1
2025-11-06 15:00:00,102077.2,102870.0,101567.3,101959.1,1
2025-11-06 16:00:00,101959.1,102349.9,100245.8,100813.9,1
2025-11-06 17:00:00,100814.0,101876.6,100713.6,101745.2,1
2025-11-06 18:00:00,101745.3,102295.1,100855.9,101672.5,1
2025-11-06 19:00:00,101672.5,101946.2,101147.6,101332.7,1
2025-11-06 20:00:00,101331.5,101605.8,100607.6,100862.3,1
2025-11-06 21:00:00,100863.0,101185.6,100500.1,101075.9,1
2025-11-06 22:00:00,101075.8,101453.3,100966.3,101376.5,1
2025-11-06 23:00:00,101374.6,101489.7,101070.6,101307.3,1
2025-11-07 00:00:00,101307.3,101600.7,100693.4,101434.5,1
2025-11-07 01:00:00,101434.4,101837.3,100836.7,101486.3,1
2025-11-07 02:00:00,101486.4,101895.6,101199.1,101865.8,1
2025-11-07 03:00:00,101865.8,102295.5,101837.1,101863.6,1
2025-11-07 04:00:00,101863.6,102022.3,101529.0,101970.9,1
2025-11-07 05:00:00,101971.0,102491.6,101968.5,102410.8,1
2025-11-07 06:00:00,102412.0,102461.2,101784.4,101787.0,1
2025-11-07 07:00:00,101785.8,101978.0,101578.0,101965.2,1
2025-11-07 08:00:00,101965.2,102007.9,101397.7,101461.4,1
2025-11-07 09:00:00,101461.4,101473.2,100752.8,100975.2,1
2025-11-07 10:00:00,100974.8,101221.0,100522.1,100720.8,1
2025-11-07 11:00:00,100720.6,100754.3,99741.5,100359.4,1
2025-11-07 12:00:00,100357.3,100580.2,99214.6,99598.3,1
2025-11-07 13:00:00,99598.1,100529.2,99410.3,100297.6,1
2025-11-07 14:00:00,100296.6,100867.6,99473.7,100754.8,1
2025-11-07 15:00:00,100747.8,101218.4,100309.5,100755.0,1
2025-11-07 16:00:00,100755.0,101587.3,100466.1,101110.1,1
2025-11-07 17:00:00,101110.0,102678.3,100885.5,102347.4,1
2025-11-07 18:00:00,102347.3,102804.9,102235.6,102556.5,1
2025-11-07 19:00:00,102556.6,103349.9,102428.9,103343.2,1
2025-11-07 20:00:00,103343.2,103852.1,102899.2,103732.0,1
2025-11-07 21:00:00,103732.2,103838.5,103293.9,103838.5,1
2025-11-07 22:00:00,103838.5,104040.8,103545.9,103576.4,1
2025-11-07 23:00:00,103576.4,103718.5,103272.5,103289.5,1
2025-11-08 00:00:00,103289.5,103366.3,102489.3,102654.9,1
2025-11-08 01:00:00,102654.8,103191.0,102600.6,102938.3,1
2025-11-08 02:00:00,102938.2,103276.4,102692.4,102791.6,1
2025-11-08 03:00:00,102791.4,103246.8,102538.2,102538.3,1
2025-11-08 04:00:00,102538.0,102793.5,102355.3,102528.0,1
2025-11-08 05:00:00,102527.9,102706.8,102238.7,102262.3,1
2025-11-08 06:00:00,102262.3,102489.9,102053.6,102178.1,1
2025-11-08 07:00:00,102178.1,102369.1,101853.9,102314.7,1
2025-11-08 08:00:00,102314.8,102634.0,102108.7,102383.1,1
2025-11-08 09:00:00,102383.2,102565.2,102178.7,102349.0,1
2025-11-08 10:00:00,102349.0,102539.5,102247.8,102438.0,1
2025-11-08 11:00:00,102438.1,102601.2,101679.4,101801.2,1
2025-11-08 12:00:00,101801.1,102065.3,101678.0,102019.2,1
2025-11-08 13:00:00,102019.0,102155.9,101678.1,101762.8,1
2025-11-08 14:00:00,101762.5,102046.0,101420.1,101791.7,1
2025-11-08 15:00:00,101791.6,101931.4,101451.7,101684.7,1
2025-11-08 16:00:00,101683.8,101930.7,101474.5,101807.3,1
2025-11-08 17:00:00,101807.2,101961.7,101544.1,101947.0,1
2025-11-08 18:00:00,101946.9,102179.1,101784.9,102087.3,1
2025-11-08 19:00:00,102087.2,102137.2,101456.7,101941.4,1
2025-11-08 20:00:00,101941.1,102132.7,101901.4,102019.9,1
2025-11-08 21:00:00,102019.9,102320.4,101970.5,102226.6,1
2025-11-08 22:00:00,102227.3,102391.4,102124.2,102328.9,1
2025-11-08 23:00:00,102328.9,102448.6,102235.8,102267.4,1
2025-11-09 00:00:00,102267.4,102309.1,101587.5,101760.8,1
2025-11-09 01:00:00,101760.8,102072.9,101646.9,102000.5,1
2025-11-09 02:00:00,102000.5,102000.5,101528.7,101588.9,1
2025-11-09 03:00:00,101589.0,101773.3,101389.5,101621.3,1
2025-11-09 04:00:00,101621.5,102086.0,101587.6,101666.9,1
2025-11-09 05:00:00,101666.9,101976.7,101615.4,101878.2,1
2025-11-09 06:00:00,101878.4,101928.4,101647.2,101697.0,1
2025-11-09 07:00:00,101697.0,101925.7,101624.3,101895.6,1
2025-11-09 08:00:00,101895.6,102013.5,101763.9,101934.6,1
2025-11-09 09:00:00,101934.8,102084.8,101574.4,101601.3,1
2025-11-09 10:00:00,101601.2,101887.8,101448.1,101844.6,1
2025-11-09 11:00:00,101844.6,102276.2,101844.4,102206.4,1
2025-11-09 12:00:00,102206.3,102396.1,102012.2,102055.3,1
2025-11-09 13:00:00,102055.3,102951.2,102034.5,102872.1,1
2025-11-09 14:00:00,102872.6,104000.6,102712.2,102989.0,1
2025-11-09 15:00:00,102989.0,104106.2,102916.0,103696.6,1
2025-11-09 16:00:00,103696.6,103857.5,103283.7,103800.2,1
2025-11-09 17:00:00,103800.2,103920.3,103277.2,103602.1,1
2025-11-09 18:00:00,103603.6,104530.8,103462.8,104479.9,1
2025-11-09 19:00:00,104480.0,104766.3,104110.7,104763.4,1
2025-11-09 20:00:00,104763.4,105018.6,104355.9,104584.1,1
2025-11-09 21:00:00,104584.1,104809.7,104260.9,104477.5,1
2025-11-09 22:00:00,104477.4,104772.8,104039.0,104677.4,1
2025-11-09 23:00:00,104682.2,105440.8,104478.9,104660.3,1
2025-11-10 00:00:00,104660.3,106481.5,104218.3,106262.0,1
2025-11-10 01:00:00,106260.7,106613.5,105678.7,105683.2,1
2025-11-10 02:00:00,105683.4,106004.7,105556.3,105949.4,1
2025-11-10 03:00:00,105949.4,106237.4,105786.4,105976.2,1
2025-11-10 04:00:00,105975.6,106257.3,105799.1,106115.2,1
2025-11-10 05:00:00,106115.3,106431.0,105944.7,106040.9,1
2025-11-10 06:00:00,106046.5,106259.8,105907.2,106172.2,1
2025-11-10 07:00:00,106172.3,106497.0,106091.4,106433.7,1
2025-11-10 08:00:00,106433.6,106538.0,105855.8,105936.0,1
2025-11-10 09:00:00,105936.1,106564.6,105791.5,106400.4,1
2025-11-10 10:00:00,106400.4,106418.6,105913.7,105950.8,1
2025-11-10 11:00:00,105950.8,106271.5,105902.5,106128.6,1
2025-11-10 12:00:00,106128.6,106171.0,105812.1,105895.4,1
2025-11-10 13:00:00,105895.5,106556.9,105869.9,106499.1,1
2025-11-10 14:00:00,106499.2,106499.4,104651.9,104859.8,1
2025-11-10 15:00:00,104859.8,105577.0,104628.5,105023.7,1
2025-11-10 16:00:00,105023.7,105323.5,104748.9,105202.0,1
2025-11-10 17:00:00,105202.0,105936.8,105143.3,105908.7,1
2025-11-10 18:00:00,105908.7,106026.0,105424.4,105428.5,1
2025-11-10 19:00:00,105428.7,105994.4,105359.1,105772.6,1
2025-11-10 20:00:00,105772.5,106233.9,105753.8,105948.7,1
2025-11-10 21:00:00,105948.8,105960.9,105219.1,105577.0,1
2025-11-10 22:00:00,105578.7,106093.3,105309.6,106007.2,1
2025-11-10 23:00:00,106007.3,106227.6,105834.7,105959.5,1
2025-11-11 00:00:00,105959.5,106095.2,105468.4,106081.4,1
2025-11-11 01:00:00,106081.4,107487.7,105973.4,106036.8,1
2025-11-11 02:00:00,106038.4,107098.9,105557.5,106599.8,1
2025-11-11 03:00:00,106599.8,107050.0,106298.8,106409.3,1
2025-11-11 04:00:00,106409.3,106500.5,105649.2,105704.0,1
2025-11-11 05:00:00,105704.0,105707.9,105105.6,105207.2,1
2025-11-11 06:00:00,105207.3,105297.9,104846.0,105212.0,1
2025-11-11 07:00:00,105212.0,105287.2,104693.6,104748.2,1
2025-11-11 08:00:00,104748.2,105227.7,104723.2,105114.4,1
2025-11-11 09:00:00,105114.4,105428.5,104849.9,104919.7,1
2025-11-11 10:00:00,104919.4,105185.9,104865.4,105118.7,1
2025-11-11 11:00:00,105118.7,105448.9,105084.0,105245.2,1
2025-11-11 12:00:00,105245.1,105445.7,104350.3,104512.6,1
2025-11-11 13:00:00,104512.5,104675.8,104203.9,104360.5,1
2025-11-11 14:00:00,104360.6,104647.1,103816.1,104539.0,1
2025-11-11 15:00:00,104538.3,104538.3,103149.0,103414.8,1
2025-11-11 16:00:00,103415.0,103702.8,103174.0,103378.9,1
2025-11-11 17:00:00,103380.0,103606.3,102800.6,103296.2,1
2025-11-11 18:00:00,103296.1,103544.2,103020.0,103355.6,1
2025-11-11 19:00:00,103355.7,103416.1,102865.2,103083.6,1
2025-11-11 20:00:00,103083.6,103184.2,102631.7,102773.6,1
2025-11-11 21:00:00,102776.6,103053.2,102446.2,102604.0,1
2025-11-11 22:00:00,102604.0,103104.8,102466.3,102953.7,1
2025-11-11 23:00:00,102953.8,103170.0,102757.2,103002.7,1
2025-11-12 00:00:00,103002.7,103283.0,102771.6,102838.2,1
2025-11-12 01:00:00,102838.3,103322.2,102631.8,103196.4,1
2025-11-12 02:00:00,103196.9,103365.5,102888.6,103100.4,1
2025-11-12 03:00:00,103101.2,103400.1,103040.6,103273.6,1
2025-11-12 04:00:00,103273.6,103416.4,102986.7,103205.2,1
2025-11-12 05:00:00,103205.2,103422.8,103185.5,103349.3,1
2025-11-12 06:00:00,103349.3,103605.3,103296.2,103305.7,1
2025-11-12 07:00:00,103305.7,103491.6,103021.3,103075.5,1
2025-11-12 08:00:00,103075.4,104190.9,103075.4,104100.8,1
2025-11-12 09:00:00,104100.8,105057.4,104091.9,104484.9,1
2025-11-12 10:00:00,104484.7,105008.3,104472.6,104856.2,1
2025-11-12 11:00:00,104856.2,105160.2,104697.5,104983.0,1
2025-11-12 12:00:00,104983.0,105289.3,104769.1,104948.0,1
2025-11-12 13:00:00,104948.0,105141.3,104578.6,104999.5,1
2025-11-12 14:00:00,104999.5,104999.5,103546.3,103947.0,1
2025-11-12 15:00:00,103947.3,104271.2,101922.1,102123.1,1
2025-11-12 16:00:00,102123.1,102246.2,101275.2,101390.1,1
2025-11-12 17:00:00,101390.0,102104.5,101357.0,101697.5,1
2025-11-12 18:00:00,101697.3,101908.5,101359.2,101487.7,1
2025-11-12 19:00:00,101487.6,101521.5,100737.1,101240.9,1
2025-11-12 20:00:00,101240.9,101787.9,101076.0,101484.2,1
2025-11-12 21:00:00,101484.3,101868.6,101461.2,101866.0,1
2025-11-12 22:00:00,101866.1,101952.4,101381.5,101928.2,1
2025-11-12 23:00:00,101927.4,101944.1,101417.0,101604.9,1
2025-11-13 00:00:00,101605.0,101997.8,101415.2,101814.8,1
2025-11-13 01:00:00,101814.8,102576.6,101786.4,101957.9,1
2025-11-13 02:00:00,101958.0,102291.6,101916.1,102004.5,1
2025-11-13 03:00:00,102003.6,102520.3,100858.8,102078.6,1
2025-11-13 04:00:00,102077.8,102365.6,101615.2,102074.7,1
2025-11-13 05:00:00,102074.8,103359.8,101740.1,103089.7,1
2025-11-13 06:00:00,103090.1,103639.8,102870.2,103547.1,1
2025-11-13 07:00:00,103547.1,104004.0,103258.4,103425.1,1
2025-11-13 08:00:00,103425.0,103765.1,103227.3,103620.8,1
2025-11-13 09:00:00,103620.9,103693.6,102505.3,102784.8,1
2025-11-13 10:00:00,102785.0,103243.7,102732.4,102946.9,1
2025-11-13 11:00:00,102947.0,103105.4,102652.4,102886.9,1
2025-11-13 12:00:00,102887.2,103235.3,102675.8,103103.6,1
2025-11-13 13:00:00,103103.7,103124.8,102105.5,102284.3,1
2025-11-13 14:00:00,102284.4,103448.7,101694.1,102811.4,1
2025-11-13 15:00:00,102813.6,102953.9,101126.7,101320.9,1
2025-11-13 16:00:00,101320.9,101484.5,100516.4,100585.4,1
2025-11-13 17:00:00,100585.6,100776.1,99566.5,99601.4,1
2025-11-13 18:00:00,99600.4,99881.9,98093.7,98541.5,1
2025-11-13 19:00:00,98540.7,99238.8,98297.0,98627.1,1
2025-11-13 20:00:00,98627.6,98956.3,97955.6,98112.2,1
2025-11-13 21:00:00,98112.1,98862.3,97977.7,98762.6,1
2025-11-13 22:00:00,98761.9,99888.2,98656.5,99801.5,1
2025-11-13 23:00:00,99801.6,100451.1,99509.7,99637.4,1
2025-11-14 00:00:00,99637.5,99751.3,98697.1,98945.8,1
2025-11-14 01:00:00,98946.1,99521.3,98669.3,99214.9,1
2025-11-14 02:00:00,99214.7,99827.4,99200.5,99580.7,1
2025-11-14 03:00:00,99580.7,99613.7,98760.1,99111.4,1
2025-11-14 04:00:00,99111.7,99152.5,96664.4,97758.3,1
2025-11-14 05:00:00,97756.2,97984.2,96979.0,97476.8,1
2025-11-14 06:00:00,97476.8,97558.0,95873.6,97502.4,1
2025-11-14 07:00:00,97500.2,97691.5,96716.0,97088.6,1
2025-11-14 08:00:00,97088.5,97399.0,96730.8,97325.5,1
2025-11-14 09:00:00,97325.8,97501.7,96620.4,96804.2,1
2025-11-14 10:00:00,96804.3,97257.7,96633.5,96712.8,1
2025-11-14 11:00:00,96712.6,96907.6,95675.8,96139.4,1
2025-11-14 12:00:00,96139.5,96139.6,94502.2,95329.7,1
2025-11-14 13:00:00,95329.8,95682.7,94540.7,95211.3,1
2025-11-14 14:00:00,95211.1,96756.2,94909.4,96477.3,1
2025-11-14 15:00:00,96477.4,97267.2,95808.8,96749.4,1
2025-11-14 16:00:00,96749.5,97363.9,96218.7,96961.2,1
2025-11-14 17:00:00,96961.9,97078.6,95559.2,95832.2,1
2025-11-14 18:00:00,95828.4,96294.3,94933.5,95039.1,1
2025-11-14 19:00:00,95039.0,95891.9,94757.5,95739.9,1
2025-11-14 20:00:00,95739.9,95906.7,94148.2,94331.9,1
2025-11-14 21:00:00,94334.9,95109.9,94194.5,95013.6,1
2025-11-14 22:00:00,95013.1,95436.3,94648.1,95148.0,1
2025-11-14 23:00:00,95146.3,95146.3,93936.2,94535.5,1
2025-11-15 00:00:00,94535.5,95375.0,94507.6,95108.5,1
2025-11-15 01:00:00,95108.1,95752.7,94700.9,95619.4,1
2025-11-15 02:00:00,95618.7,96441.7,95355.5,96440.7,1
2025-11-15 03:00:00,96438.2,96776.6,96089.1,96364.8,1
2025-11-15 04:00:00,96364.8,96470.3,95883.0,96058.1,1
2025-11-15 05:00:00,96058.1,96379.4,95923.0,96297.9,1
2025-11-15 06:00:00,96297.9,96539.0,95935.4,96084.1,1
2025-11-15 07:00:00,96084.1,96332.0,95921.1,96291.1,1
2025-11-15 08:00:00,96291.1,96309.1,95606.7,95884.1,1
2025-11-15 09:00:00,95881.7,96114.4,95629.5,95782.2,1
2025-11-15 10:00:00,95782.3,96030.8,95654.8,95913.8,1
2025-11-15 11:00:00,95913.8,95946.8,95585.6,95650.7,1
2025-11-15 12:00:00,95650.6,95837.1,95532.4,95766.4,1
2025-11-15 13:00:00,95766.4,96321.9,95677.1,96319.9,1
2025-11-15 14:00:00,96319.9,96427.3,95976.0,96198.4,1
2025-11-15 15:00:00,96198.4,96385.2,96056.9,96213.3,1
2025-11-15 16:00:00,96213.3,96297.6,95676.6,96119.5,1
2025-11-15 17:00:00,96119.5,96376.6,95810.0,96188.5,1
2025-11-15 18:00:00,96188.7,96308.5,95922.4,96000.6,1
2025-11-15 19:00:00,96000.9,96110.5,95871.4,95961.5,1
2025-11-15 20:00:00,95961.5,95978.1,95083.7,95242.8,1
2025-11-15 21:00:00,95242.8,95637.7,95072.6,95231.6,1
2025-11-15 22:00:00,95232.0,95614.0,95175.1,95572.2,1
2025-11-15 23:00:00,95572.1,95643.8,95440.5,95556.0,1
2025-11-16 00:00:00,95556.0,95666.1,95154.4,95318.0,1
2025-11-16 01:00:00,95318.0,95462.0,94804.4,95233.6,1
2025-11-16 02:00:00,95233.5,95919.6,95048.3,95917.1,1
2025-11-16 03:00:00,95917.1,95931.1,95576.1,95767.2,1
2025-11-16 04:00:00,95766.0,95878.9,95597.1,95770.7,1
2025-11-16 05:00:00,95770.8,96146.0,95757.4,95838.6,1
2025-11-16 06:00:00,95838.8,95995.2,95700.0,95747.5,1
2025-11-16 07:00:00,95748.1,96062.5,95675.2,96053.9,1
2025-11-16 08:00:00,96053.9,96192.2,95806.7,96067.8,1
2025-11-16 09:00:00,96067.7,96586.8,95878.5,96583.4,1
2025-11-16 10:00:00,96583.3,96583.3,96320.2,96400.2,1
2025-11-16 11:00:00,96400.2,96406.2,95460.1,95592.7,1
2025-11-16 12:00:00,95592.7,95876.7,95412.1,95724.5,1
2025-11-16 13:00:00,95724.5,95820.5,95071.7,95379.2,1
2025-11-16 14:00:00,95379.3,95641.5,95270.6,95488.0,1
2025-11-16 15:00:00,95488.0,95518.9,94325.6,94536.3,1
2025-11-16 16:00:00,94540.0,94907.1,94009.8,94184.9,1
2025-11-16 17:00:00,94184.5,94493.8,93711.0,94316.7,1
2025-11-16 18:00:00,94315.0,95532.6,93743.0,94009.9,1
2025-11-16 19:00:00,94010.1,94564.5,93895.6,93991.9,1
2025-11-16 20:00:00,93992.5,94699.8,93923.9,94049.5,1
2025-11-16 21:00:00,94049.7,94167.6,93324.3,93461.3,1
2025-11-16 22:00:00,93461.3,94467.5,92988.6,94160.6,1
2025-11-16 23:00:00,94160.7,94509.8,92942.7,94224.7,1
2025-11-17 00:00:00,94224.7,95337.9,93734.3,95264.0,1
2025-11-17 01:00:00,95263.4,95461.5,94688.8,94734.2,1
2025-11-17 02:00:00,94734.2,95372.0,94668.4,94942.5,1
2025-11-17 03:00:00,94942.5,95519.1,94935.0,95460.6,1
2025-11-17 04:00:00,95460.6,95537.3,94843.4,95063.3,1
2025-11-17 05:00:00,95063.4,95237.3,94862.9,95095.3,1
2025-11-17 06:00:00,95095.2,95306.2,94861.8,95250.1,1
2025-11-17 07:00:00,95249.9,95841.5,95170.4,95599.0,1
2025-11-17 08:00:00,95599.0,95978.8,95477.3,95572.3,1
2025-11-17 09:00:00,95572.1,95833.4,95267.2,95608.0,1
2025-11-17 10:00:00,95608.1,95853.0,95505.9,95613.9,1
2025-11-17 11:00:00,95613.8,95903.2,95350.5,95525.8,1
2025-11-17 12:00:00,95525.8,95545.7,95224.7,95276.4,1
2025-11-17 13:00:00,95276.6,95346.8,93544.8,93922.0,1
2025-11-17 14:00:00,93921.7,95995.3,93720.8,94715.8,1
2025-11-17 15:00:00,94715.9,94969.0,93738.7,93907.9,1
2025-11-17 16:00:00,93907.9,94380.1,93015.9,94267.0,1
2025-11-17 17:00:00,94267.2,94362.0,92631.4,92714.4,1
2025-11-17 18:00:00,92717.2,93161.8,92368.0,92488.5,1
2025-11-17 19:00:00,92487.6,92609.7,91551.8,91649.9,1
2025-11-17 20:00:00,91650.8,92191.9,91259.1,91941.9,1
2025-11-17 21:00:00,91926.9,92214.0,91476.6,91926.3,1
2025-11-17 22:00:00,91926.2,92350.8,91779.8,92203.9,1
2025-11-17 23:00:00,92204.0,92243.5,91742.0,92169.9,1
2025-11-18 00:00:00,92169.9,92317.2,91164.3,92125.2,1
2025-11-18 01:00:00,92124.9,92180.3,91568.1,91707.7,1
2025-11-18 02:00:00,91706.0,91707.9,90655.7,90831.8,1
2025-11-18 03:00:00,90831.6,90904.0,89674.5,90816.1,1
2025-11-18 04:00:00,90815.8,90827.6,89257.4,90051.1,1
2025-11-18 05:00:00,90052.2,90447.6,89699.2,90189.1,1
2025-11-18 06:00:00,90189.1,90201.4,89345.9,89621.6,1
2025-11-18 07:00:00,89621.6,90502.3,89308.9,90457.7,1
2025-11-18 08:00:00,90457.7,91401.8,90457.7,91176.3,1
2025-11-18 09:00:00,91176.3,91425.7,90844.4,91350.2,1
2025-11-18 10:00:00,91350.2,91553.7,91199.0,91529.8,1
2025-11-18 11:00:00,91529.8,91552.9,91186.9,91468.3,1
2025-11-18 12:00:00,91468.0,91832.1,91052.8,91478.4,1
2025-11-18 13:00:00,91478.1,91623.1,90878.3,91441.0,1
2025-11-18 14:00:00,91441.1,92411.0,91178.7,91333.9,1
2025-11-18 15:00:00,91325.7,92985.6,90973.5,92856.2,1
2025-11-18 16:00:00,92856.4,93789.7,92532.0,93450.5,1
2025-11-18 17:00:00,93450.1,93608.5,92773.2,93212.6,1
2025-11-18 18:00:00,93212.9,93721.9,93101.5,93284.5,1
2025-11-18 19:00:00,93284.4,93568.1,92943.9,93138.2,1
2025-11-18 20:00:00,93138.2,93265.6,92619.3,92755.0,1
2025-11-18 21:00:00,92755.0,92999.2,92416.9,92453.3,1
2025-11-18 22:00:00,92453.4,93375.0,92451.0,93115.6,1
2025-11-18 23:00:00,93115.1,93127.6,92688.9,92921.6,1
2025-11-19 00:00:00,92921.6,92942.8,91916.8,92385.8,1
2025-11-19 01:00:00,92385.9,92618.0,91906.6,92410.7,1
2025-11-19 02:00:00,92412.2,92841.1,92238.4,92536.3,1
2025-11-19 03:00:00,92536.3,92607.8,91635.2,91838.9,1
2025-11-19 04:00:00,91839.4,91942.2,91131.6,91131.6,1
2025-11-19 05:00:00,91131.2,91240.1,89985.7,90427.9,1
2025-11-19 06:00:00,90428.0,91046.4,90239.1,90928.9,1
2025-11-19 07:00:00,90929.0,91958.3,90892.3,91808.0,1
2025-11-19 08:00:00,91808.0,91907.1,91299.2,91427.5,1
2025-11-19 09:00:00,91427.5,91472.3,91041.0,91472.3,1
2025-11-19 10:00:00,91472.5,91654.7,91173.2,91258.9,1
2025-11-19 11:00:00,91259.0,91700.4,91257.7,91352.0,1
2025-11-19 12:00:00,91352.2,91825.5,91159.9,91732.0,1
2025-11-19 13:00:00,91731.9,91855.7,91198.9,91350.6,1
2025-11-19 14:00:00,91350.7,91816.1,90998.5,91659.3,1
2025-11-19 15:00:00,91660.4,92346.3,89821.1,89901.6,1
2025-11-19 16:00:00,89903.7,90188.2,89413.8,89863.4,1
2025-11-19 17:00:00,89862.3,90090.2,88843.4,89462.0,1
2025-11-19 18:00:00,89461.9,89684.3,88756.9,89197.1,1
2025-11-19 19:00:00,89197.1,89337.1,88594.3,88847.3,1
2025-11-19 20:00:00,88847.3,89662.2,88572.4,89531.7,1
2025-11-19 21:00:00,89530.2,90808.6,89407.1,90568.8,1
2025-11-19 22:00:00,90568.7,90610.4,90065.6,90439.0,1
2025-11-19 23:00:00,90439.2,91561.8,90439.2,91520.6,1
2025-11-20 00:00:00,91520.6,92284.6,91157.3,91860.2,1
2025-11-20 01:00:00,91860.1,92696.4,91795.4,92570.7,1
2025-11-20 02:00:00,92570.7,92774.8,92299.6,92571.3,1
2025-11-20 03:00:00,92571.3,92699.2,92342.8,92413.0,1
2025-11-20 04:00:00,92411.5,92959.5,92098.4,92940.6,1
2025-11-20 05:00:00,92940.6,93131.4,92530.4,92579.2,1
2025-11-20 06:00:00,92579.1,92810.2,91644.3,91945.1,1
2025-11-20 07:00:00,91945.0,92415.3,91765.3,92288.8,1
2025-11-20 08:00:00,92288.8,92382.0,92009.6,92093.5,1
2025-11-20 09:00:00,92093.4,92100.1,91414.5,91869.6,1
2025-11-20 10:00:00,91870.4,92020.5,91570.3,91763.9,1
2025-11-20 11:00:00,91763.9,91987.7,91450.3,91883.5,1
2025-11-20 12:00:00,91883.7,91963.6,91646.7,91796.0,1
2025-11-20 13:00:00,91796.0,92484.6,91457.6,91483.0,1
2025-11-20 14:00:00,91483.5,91641.7,90413.2,91062.1,1
2025-11-20 15:00:00,91062.7,91148.8,89780.7,89823.7,1
