timestamp,open,high,low,close,volume_contract,volume_currency,settleCcy,status_candle
2025-10-22 00:00:00,108243.1,108654.7,107758.2,107933.6,497956.51,4979.5651,538605847.38241,1
2025-10-22 01:00:00,107933.7,108446.7,107933.7,108301.1,316300.4,3163.004,342200894.7731,1
2025-10-22 02:00:00,108301.1,108648.3,108150.0,108150.0,230392.02,2303.9202,249711112.02234,1
2025-10-22 03:00:00,108150.0,108204.6,107792.2,108154.0,278396.4,2783.964,300739392.18927,1
2025-10-22 04:00:00,108153.9,108566.3,108091.9,108551.2,241800.96,2418.0096,262049327.39097,1
2025-10-22 05:00:00,108551.1,108576.8,107830.2,108114.5,277470.83,2774.7083,299961466.36465,1
2025-10-22 06:00:00,108114.5,108292.8,107885.6,107930.0,198781.14,1987.8114,214799542.87253,1
2025-10-22 07:00:00,107930.0,108277.9,107551.3,108277.8,350105.98,3501.0598,377681891.03424,1
2025-10-22 08:00:00,108277.8,108303.3,108029.9,108161.0,169159.24,1691.5924,182981450.86403,1
2025-10-22 09:00:00,108161.0,108228.1,107712.6,107900.5,214630.58,2146.3058,231720348.8978,1
2025-10-22 10:00:00,107900.5,108061.0,107580.2,107603.9,164340.74,1643.4074,177184329.05132,1
2025-10-22 11:00:00,107604.9,108169.1,106600.0,107500.1,995655.29,9956.5529,1069617105.16734,1
2025-10-22 12:00:00,107500.0,108350.0,107387.5,107981.2,341544.13,3415.4413,368606327.19084,1
2025-10-22 13:00:00,107981.2,109000.0,107550.6,108721.0,740698.91,7406.9891,801661317.84387,1
2025-10-22 14:00:00,108720.9,108971.0,107397.3,108900.3,1174263.6,11742.636,1269338703.7488,1
2025-10-22 15:00:00,108900.2,109144.0,107688.0,108364.9,745816.54,7458.1654,808580054.3247,1
2025-10-22 16:00:00,108364.9,108766.0,107800.2,108171.7,570726.63,5707.2663,618157590.95491,1
2025-10-22 17:00:00,108171.7,108292.8,107518.6,107741.7,296043.46,2960.4346,319471416.90781,1
2025-10-22 18:00:00,107741.6,108173.5,107411.0,107984.5,246003.85,2460.0385,265263131.77175,1
2025-10-22 19:00:00,107984.5,108385.8,107624.6,107820.3,253394.6,2533.946,273719120.54343,1
2025-10-22 20:00:00,107820.1,108023.3,107444.0,107644.4,165416.87,1654.1687,178120309.17477,1
2025-10-22 21:00:00,107644.9,107706.6,106606.3,107164.5,549395.18,5493.9518,587918911.31847,1
2025-10-22 22:00:00,107164.5,107640.0,106861.3,107151.4,238203.96,2382.0396,255405164.48012,1
2025-10-22 23:00:00,107151.5,107920.0,107122.6,107530.5,228219.98,2282.1998,245565539.69229,1
2025-10-23 00:00:00,107530.5,107955.2,107456.0,107814.1,122279.71,1222.7971,131656408.13706,1
2025-10-23 01:00:00,107814.1,108510.0,107749.0,108106.2,340754.3,3407.543,368738269.32926,1
2025-10-23 02:00:00,108106.1,108386.0,107999.9,108374.0,137300.66,1373.0066,148560064.06268,1
2025-10-23 03:00:00,108373.9,108670.7,108267.0,108309.9,210327.37,2103.2737,228184422.78103,1
2025-10-23 04:00:00,108310.0,108881.0,108298.3,108593.3,170249.93,1702.4993,184920807.54959,1
2025-10-23 05:00:00,108593.3,108940.9,108567.0,108900.0,128497.05,1284.9705,139731748.18349,1
2025-10-23 06:00:00,108900.0,110271.1,108807.0,110181.7,711313.04,7113.1304,780556992.42184,1
2025-10-23 07:00:00,110181.7,110230.3,109170.7,109230.0,383166.61,3831.6661,419870055.14212,1
2025-10-23 08:00:00,109229.9,109865.3,109200.1,109462.0,280784.63,2807.8463,307695453.18196,1
2025-10-23 09:00:00,109462.0,109500.0,109088.1,109394.3,179469.36,1794.6936,196125573.68801,1
2025-10-23 10:00:00,109394.3,109668.5,109316.1,109383.9,125251.77,1252.5177,137143953.75151,1
2025-10-23 11:00:00,109383.9,109612.0,109027.1,109221.0,192721.63,1927.2163,210659302.05842,1
2025-10-23 12:00:00,109220.9,109220.9,108624.0,109127.8,330372.33,3303.7233,359877917.35135,1
2025-10-23 13:00:00,109127.8,109585.0,108748.8,109453.0,341798.52,3417.9852,373425290.9106,1
2025-10-23 14:00:00,109453.0,109807.1,108656.4,109532.0,523253.04,5232.5304,571792089.22719,1
2025-10-23 15:00:00,109532.0,110071.4,109425.3,109841.0,354881.55,3548.8155,389611500.827,1
2025-10-23 16:00:00,109840.9,110534.4,109588.0,110200.0,342523.13,3425.2313,377001035.47889,1
2025-10-23 17:00:00,110200.0,111234.0,109571.0,111171.3,678425.78,6784.2578,749974487.71605,1
2025-10-23 18:00:00,111171.4,111235.3,110201.0,110521.0,345774.4,3457.744,382689345.97735,1
2025-10-23 19:00:00,110521.0,110574.9,110038.0,110143.0,157739.84,1577.3984,173984248.42182,1
2025-10-23 20:00:00,110143.0,110143.7,109270.1,109467.3,285799.49,2857.9949,313757404.91483,1
2025-10-23 21:00:00,109467.3,109670.9,109317.7,109490.6,131968.54,1319.6854,144523656.91253,1
2025-10-23 22:00:00,109490.5,110117.3,109449.7,109871.5,136810.96,1368.1096,150319276.60142,1
2025-10-23 23:00:00,109871.5,110043.2,109770.0,110009.7,80279.37,802.7937,88256973.40952,1
2025-10-24 00:00:00,110009.8,110650.0,109928.0,110438.2,251588.06,2515.8806,277501818.68972,1
2025-10-24 01:00:00,110438.1,110617.3,110085.5,110525.4,150803.9,1508.039,166457074.11188,1
2025-10-24 02:00:00,110525.4,110785.2,110300.0,110520.3,137887.21,1378.8721,152371493.64237,1
2025-10-24 03:00:00,110520.3,110588.4,110222.8,110398.2,126132.29,1261.3229,139233941.83855,1
2025-10-24 04:00:00,110398.2,111501.8,110289.2,111119.7,466127.92,4661.2792,517671635.83309,1
2025-10-24 05:00:00,111119.7,111279.5,110885.7,111205.8,191512.81,1915.1281,212715482.30393,1
2025-10-24 06:00:00,111205.9,111454.6,111071.8,111409.9,136725.92,1367.2592,152151712.36446,1
2025-10-24 07:00:00,111410.0,111495.0,110710.1,111006.0,287699.19,2876.9919,319459053.18623,1
2025-10-24 08:00:00,111006.0,111203.0,110650.0,111062.0,276968.7,2769.687,307304591.00203,1
2025-10-24 09:00:00,111062.0,111475.4,110952.2,111288.8,216429.29,2164.2929,240840947.97216,1
2025-10-24 10:00:00,111288.4,111288.5,111022.0,111078.6,127176.53,1271.7653,141341133.14945,1
2025-10-24 11:00:00,111078.7,111240.0,110534.2,111023.9,252517.14,2525.1714,280067075.37626,1
2025-10-24 12:00:00,111023.9,112178.3,110812.8,111256.8,852492.49,8524.9249,950433560.09557,1
2025-10-24 13:00:00,111256.8,111400.0,110322.3,110883.8,540335.87,5403.3587,599112588.53168,1
2025-10-24 14:00:00,110883.8,110883.8,109641.7,110168.7,681573.66,6815.7366,750242512.74191,1
2025-10-24 15:00:00,110168.8,110562.7,109825.3,110003.6,352976.7,3529.767,389139628.89076,1
2025-10-24 16:00:00,110003.6,110341.2,109750.0,110209.9,208062.87,2080.6287,228921229.50743,1
2025-10-24 17:00:00,110210.0,110521.0,110123.2,110154.5,152015.69,1520.1569,167702742.00823,1
2025-10-24 18:00:00,110154.5,110599.7,110091.9,110544.1,114209.99,1142.0999,126113465.26613,1
2025-10-24 19:00:00,110544.0,110888.0,110464.0,110560.1,132752.5,1327.525,146945221.46311,1
2025-10-24 20:00:00,110560.0,110961.1,110421.9,110840.5,95938.65,959.3865,106183771.7977,1
2025-10-24 21:00:00,110840.5,111059.6,110499.8,111024.2,152620.75,1526.2075,169163120.78131,1
2025-10-24 22:00:00,111024.2,111078.0,110854.6,110968.0,85502.82,855.0282,94877273.77185,1
2025-10-24 23:00:00,110968.1,111074.7,110818.1,110961.5,58096.04,580.9604,64442685.20859,1
2025-10-25 00:00:00,110961.5,110993.6,110603.3,110720.0,84437.7,844.377,93539355.4349,1
2025-10-25 01:00:00,110719.9,111199.9,110700.0,111034.5,129740.4,1297.404,143979766.07835,1
2025-10-25 02:00:00,111034.5,111091.0,110892.0,110991.1,91232.27,912.3227,101257367.67631,1
2025-10-25 03:00:00,110991.2,111096.4,110950.0,110969.3,69052.41,690.5241,76668671.20151,1
2025-10-25 04:00:00,110969.3,111396.6,110969.3,111175.7,146908.83,1469.0883,163420590.08227,1
2025-10-25 05:00:00,111175.7,111369.0,111023.2,111325.6,89942.63,899.4263,99986909.89554,1
2025-10-25 06:00:00,111325.6,111450.0,111200.0,111307.0,106715.84,1067.1584,118787001.73057,1
2025-10-25 07:00:00,111307.1,111779.6,111307.1,111462.9,213177.25,2131.7725,237745708.45211,1
2025-10-25 08:00:00,111462.9,111750.0,111437.9,111714.0,108436.05,1084.3605,121003974.45209,1
2025-10-25 09:00:00,111714.0,111797.7,111405.9,111468.0,162154.34,1621.5434,180996071.81906,1
2025-10-25 10:00:00,111468.1,111680.0,111332.9,111512.3,157566.04,1575.6604,175667951.6673,1
2025-10-25 11:00:00,111512.4,111622.0,111427.5,111522.7,84126.41,841.2641,93843897.68512,1
2025-10-25 12:00:00,111522.7,111906.7,111468.0,111850.1,163071.55,1630.7155,182182238.53767,1
2025-10-25 13:00:00,111850.2,111880.0,111460.0,111630.9,125121.41,1251.2141,139734109.95863,1
2025-10-25 14:00:00,111630.9,111726.9,111466.0,111547.4,84595.01,845.9501,94394727.82285,1
2025-10-25 15:00:00,111547.3,111547.4,111266.7,111332.6,140049.6,1400.496,156008848.21441,1
2025-10-25 16:00:00,111332.5,111432.7,111113.8,111329.9,172401.7,1724.017,191786204.16372,1
2025-10-25 17:00:00,111330.0,111416.1,111240.5,111330.9,66800.24,668.0024,74348890.14194,1
2025-10-25 18:00:00,111330.9,111689.0,111244.0,111659.0,103496.55,1034.9655,115412771.72136,1
2025-10-25 19:00:00,111659.0,111665.3,111519.3,111565.2,68153.33,681.5333,76050659.29521,1
2025-10-25 20:00:00,111565.2,111598.0,111312.6,111381.4,60554.33,605.5433,67493858.68669,1
2025-10-25 21:00:00,111381.4,111426.0,111277.1,111423.5,51791.21,517.9121,57667709.61959,1
2025-10-25 22:00:00,111423.5,111638.7,111356.6,111568.9,50557.81,505.5781,56366292.14045,1
2025-10-25 23:00:00,111568.8,111630.0,111480.0,111583.7,42635.13,426.3513,47560041.10705,1
2025-10-26 00:00:00,111583.6,111888.0,111488.3,111668.0,126705.13,1267.0513,141540491.42581,1
2025-10-26 01:00:00,111668.0,111788.5,111452.9,111580.3,87485.38,874.8538,97688342.84117,1
2025-10-26 02:00:00,111580.3,111621.0,111356.0,111400.0,82907.01,829.0701,92421977.46394,1
2025-10-26 03:00:00,111400.0,111453.5,111200.0,111214.9,105367.78,1053.6778,117306397.94042,1
2025-10-26 04:00:00,111214.9,111426.3,111205.0,111376.7,68111.89,681.1189,75816870.34553,1
2025-10-26 05:00:00,111376.6,111605.5,111306.6,111554.8,89349.74,893.4974,99612625.75203,1
2025-10-26 06:00:00,111554.8,111630.0,111485.0,111571.4,59958.81,599.5881,66882685.68569,1
2025-10-26 07:00:00,111571.4,111688.0,111563.9,111680.0,66659.9,666.599,74414974.35514,1
2025-10-26 08:00:00,111680.0,111800.0,111675.8,111729.5,115850.84,1158.5084,129466431.40739,1
2025-10-26 09:00:00,111729.6,112777.0,111643.1,112485.1,797142.71,7971.4271,895295788.88987,1
2025-10-26 10:00:00,112485.1,112531.6,112136.7,112437.4,134474.71,1344.7471,151065069.18925,1
2025-10-26 11:00:00,112437.5,113445.2,112376.2,113247.9,493951.83,4939.5183,558111048.79952,1
2025-10-26 12:00:00,113247.9,113822.0,113231.9,113527.9,356184.3,3561.843,404472504.96777,1
2025-10-26 13:00:00,113528.0,114078.9,113219.9,113667.2,598476.8,5984.768,680352141.20868,1
2025-10-26 14:00:00,113667.2,113858.1,113474.0,113520.1,224295.01,2242.9501,254986917.82497,1
2025-10-26 15:00:00,113520.1,113698.5,113370.3,113654.5,148119.25,1481.1925,168083599.03775,1
2025-10-26 16:00:00,113654.6,113718.1,113221.1,113464.9,205829.78,2058.2978,233546885.82888,1
2025-10-26 17:00:00,113465.0,113706.2,113377.3,113385.0,98766.92,987.6692,112132559.51979,1
2025-10-26 18:00:00,113385.1,113746.0,113379.2,113543.9,89243.4,892.434,101354947.01024,1
2025-10-26 19:00:00,113543.9,113665.9,113449.0,113533.4,44314.87,443.1487,50316311.68217,1
2025-10-26 20:00:00,113533.4,113533.4,113215.9,113254.8,72192.05,721.9205,81852685.51997,1
2025-10-26 21:00:00,113254.9,113556.3,112835.0,113455.6,150195.57,1501.9557,170012193.96315,1
2025-10-26 22:00:00,113455.7,115759.3,113455.7,114651.9,963762.52,9637.6252,1105234888.69924,1
2025-10-26 23:00:00,114651.9,114940.6,114329.5,114508.4,213743.41,2137.4341,244974660.77522,1
2025-10-27 00:00:00,114508.4,115140.8,114326.3,114724.3,236680.23,2366.8023,271700126.84389,1
2025-10-27 01:00:00,114724.3,115351.3,114666.0,115225.1,185839.12,1858.3912,213901587.67909,1
2025-10-27 02:00:00,115225.0,115419.8,114768.4,114840.7,227559.37,2275.5937,261870916.03756,1
2025-10-27 03:00:00,114840.0,115213.9,114790.1,114938.7,137496.42,1374.9642,158083853.53133,1
2025-10-27 04:00:00,114938.7,115245.9,114900.8,115198.2,135099.21,1350.9921,155549332.49219,1
2025-10-27 05:00:00,115198.1,115596.2,115198.1,115484.3,265920.79,2659.2079,306973215.29551,1
2025-10-27 06:00:00,115484.2,116117.7,115281.7,115997.0,514579.6,5145.796,595697679.58285,1
2025-10-27 07:00:00,115997.0,116400.3,115449.0,115513.7,568797.83,5687.9783,659296557.83698,1
2025-10-27 08:00:00,115513.7,115569.0,114856.0,114987.5,348732.34,3487.3234,401719723.58249,1
2025-10-27 09:00:00,114987.6,115326.9,114780.2,115216.9,306784.04,3067.8404,352966093.01855,1
2025-10-27 10:00:00,115216.9,115527.1,115076.4,115417.7,120991.51,1209.9151,139576155.5835,1
2025-10-27 11:00:00,115417.7,115496.8,115082.3,115309.3,124981.73,1249.8173,144170820.67279,1
2025-10-27 12:00:00,115309.9,115400.0,114950.1,115021.5,166455.71,1664.5571,191622430.08448,1
2025-10-27 13:00:00,115021.5,115373.1,114537.7,115209.0,518385.55,5183.8555,595969029.61004,1
2025-10-27 14:00:00,115209.0,115308.2,114425.3,114759.0,410543.62,4105.4362,471273973.70095,1
2025-10-27 15:00:00,114759.0,115170.8,114729.6,114905.8,206892.26,2068.9226,237801331.14903,1
2025-10-27 16:00:00,114905.7,115599.0,114815.0,115426.9,291459.35,2914.5935,336104118.78803,1
2025-10-27 17:00:00,115426.9,115693.5,115232.9,115638.0,161680.9,1616.809,186678467.69646,1
2025-10-27 18:00:00,115638.0,115735.2,115261.2,115281.9,111311.62,1113.1162,128522762.28197,1
2025-10-27 19:00:00,115282.0,115282.0,114733.2,114893.8,188716.35,1887.1635,216918741.02457,1
2025-10-27 20:00:00,114893.8,114893.8,114333.9,114394.1,185977.7,1859.777,213160898.70168,1
2025-10-27 21:00:00,114394.1,114600.0,114088.0,114256.6,214698.21,2146.9821,245520523.78194,1
2025-10-27 22:00:00,114256.6,114550.0,114000.1,114077.1,145901.53,1459.0153,166663372.56161,1
2025-10-27 23:00:00,114077.1,114202.7,113803.1,114060.3,227482.04,2274.8204,259312278.30429,1
2025-10-28 00:00:00,114060.3,114330.0,113725.0,113932.6,209286.55,2092.8655,238564106.66951,1
2025-10-28 01:00:00,113932.7,114499.9,113932.6,114385.9,165270.74,1652.7074,188800644.94352,1
2025-10-28 02:00:00,114385.8,114435.1,113508.1,113887.9,272943.41,2729.4341,310880024.03327,1
2025-10-28 03:00:00,113887.9,114068.0,113672.3,113870.0,146216.32,1462.1632,166471146.95074,1
2025-10-28 04:00:00,113870.0,114035.5,113718.3,113912.7,95420.99,954.2099,108655892.63546,1
2025-10-28 05:00:00,113912.6,113956.6,113410.2,113571.2,220970.23,2209.7023,251168704.89546,1
2025-10-28 06:00:00,113571.2,114137.3,113562.0,114060.6,196180.71,1961.8071,223483645.1212,1
2025-10-28 07:00:00,114060.5,114320.0,114032.7,114126.2,201065.9,2010.659,229539063.81617,1
2025-10-28 08:00:00,114126.2,114413.4,114057.6,114352.4,165862.41,1658.6241,189563699.72508,1
2025-10-28 09:00:00,114352.3,114575.0,114117.1,114452.4,167981.2,1679.812,192113847.40425,1
2025-10-28 10:00:00,114452.4,114549.9,114352.4,114535.5,100547.18,1005.4718,115084623.98243,1
2025-10-28 11:00:00,114535.5,114627.4,114219.0,114283.4,139358.38,1393.5838,159453647.87706,1
2025-10-28 12:00:00,114283.4,114467.9,114079.2,114395.4,163412.97,1634.1297,186696482.70698,1
2025-10-28 13:00:00,114395.4,115482.5,114395.3,115480.0,662487.86,6624.8786,761693517.12432,1
2025-10-28 14:00:00,115480.0,116055.5,114172.1,115019.9,886830.29,8868.3029,1021863252.10618,1
2025-10-28 15:00:00,115020.0,115355.4,114461.1,114592.4,428810.34,4288.1034,492770674.19409,1
2025-10-28 16:00:00,114592.3,115457.4,114480.0,115306.5,365662.01,3656.6201,420499903.56682,1
2025-10-28 17:00:00,115306.5,115550.0,115172.8,115257.8,154604.86,1546.0486,178420598.29949,1
2025-10-28 18:00:00,115258.5,115332.9,114595.8,114964.7,214090.81,2140.9081,246026968.11984,1
2025-10-28 19:00:00,114964.7,115019.4,113500.0,113627.6,646998.52,6469.9852,737581437.70998,1
2025-10-28 20:00:00,113627.6,113650.2,112266.7,112731.2,793017.5,7930.175,894698423.03705,1
2025-10-28 21:00:00,112731.2,113194.9,112138.0,112954.1,311357.19,3113.5719,350756089.26608,1
2025-10-28 22:00:00,112954.1,113233.4,112781.1,113163.7,131004.78,1310.0478,148071738.11393,1
2025-10-28 23:00:00,113163.8,113170.6,112713.1,112848.6,140885.33,1408.8533,159113583.36146,1
2025-10-29 00:00:00,112848.6,112858.5,112361.1,112361.9,304302.31,3043.0231,342646660.24775,1
2025-10-29 01:00:00,112361.9,112921.4,112012.3,112419.3,625098.62,6250.9862,702543749.43047,1
2025-10-29 02:00:00,112419.3,112737.3,112322.1,112601.9,190186.55,1901.8655,214022797.49986,1
2025-10-29 03:00:00,112601.9,112601.9,112248.0,112453.9,130800.57,1308.0057,147069756.46339,1
2025-10-29 04:00:00,112453.9,112819.4,112430.8,112739.2,166196.78,1661.9678,187237128.04443,1
2025-10-29 05:00:00,112739.1,113325.0,112733.4,112955.8,447424.94,4474.2494,505668772.53982,1
2025-10-29 06:00:00,112955.9,113280.0,112880.0,113211.4,160512.11,1605.1211,181469540.7666,1
2025-10-29 07:00:00,113211.4,113553.5,113161.4,113500.0,300690.04,3006.9004,340768622.71814,1
2025-10-29 08:00:00,113500.0,113558.5,112868.7,113000.1,317711.71,3177.1171,359604928.61889,1
2025-10-29 09:00:00,113000.1,113038.9,112714.6,112925.1,261837.25,2618.3725,295541403.67495,1
2025-10-29 10:00:00,112925.0,113144.0,112669.2,112813.5,160612.72,1606.1272,181404343.34349,1
2025-10-29 11:00:00,112813.6,113209.1,112682.8,113089.0,182454.4,1824.544,206180341.2007,1
2025-10-29 12:00:00,113089.0,113283.3,113013.3,113111.2,109343.93,1093.4393,123700473.71197,1
2025-10-29 13:00:00,113111.3,113599.9,112650.0,112821.1,520268.98,5202.6898,588344631.68279,1
2025-10-29 14:00:00,112821.1,112872.5,112195.6,112444.9,498992.93,4989.9293,561216637.8669,1
2025-10-29 15:00:00,112444.8,112545.0,111318.4,111459.5,1196378.62,11963.7862,1338478828.963,1
2025-10-29 16:00:00,111459.6,111466.4,110875.4,111069.1,659642.83,6596.4283,733240835.1925,1
2025-10-29 17:00:00,111069.1,111865.4,110955.0,111810.0,373449.09,3734.4909,416292126.14113,1
2025-10-29 18:00:00,111810.3,112000.0,109100.0,110728.1,2335067.3,23350.673,2581497585.63588,1
2025-10-29 19:00:00,110728.1,111389.1,110090.0,110594.7,475028.01,4750.2801,526264570.7329,1
2025-10-29 20:00:00,110594.8,111512.8,110339.5,111370.9,345203.02,3452.0302,383170009.42438,1
2025-10-29 21:00:00,111370.9,111749.7,111314.7,111563.8,132788.51,1327.8851,148064415.28216,1
2025-10-29 22:00:00,111563.8,111563.8,110888.0,110970.9,114114.13,1141.1413,126914742.79561,1
2025-10-29 23:00:00,110970.8,111017.5,109688.0,109973.0,310011.44,3100.1144,341757240.15052,1
2025-10-30 00:00:00,109973.0,110538.4,109681.1,110513.1,241251.75,2412.5175,265848930.95067,1
2025-10-30 01:00:00,110513.0,110671.6,110200.0,110409.6,175395.92,1753.9592,193759064.49325,1
2025-10-30 02:00:00,110409.5,110961.0,110254.6,110917.3,185870.39,1858.7039,205770352.58443,1
2025-10-30 03:00:00,110917.3,110936.0,110466.0,110693.8,161973.74,1619.7374,179262112.43466,1
2025-10-30 04:00:00,110693.8,110693.8,107839.1,108507.1,1524169.47,15241.6947,1660896834.28124,1
2025-10-30 05:00:00,108507.1,110370.0,108362.1,110188.8,645769.84,6457.6984,706024189.48281,1
2025-10-30 06:00:00,110188.8,110950.0,109902.1,110720.0,597074.36,5970.7436,659729157.59284,1
2025-10-30 07:00:00,110720.1,111555.0,110566.3,111316.0,475235.67,4752.3567,528341428.46674,1
2025-10-30 08:00:00,111316.1,111377.0,110586.4,110645.1,486292.59,4862.9259,539508159.11802,1
2025-10-30 09:00:00,110645.1,110745.3,110039.0,110120.1,263607.12,2636.0712,290764037.00389,1
2025-10-30 10:00:00,110120.1,110187.8,109767.9,110057.8,205699.39,2056.9939,226248043.67273,1
2025-10-30 11:00:00,110057.8,110107.3,109622.2,109673.0,191510.13,1915.1013,210402581.79418,1
2025-10-30 12:00:00,109673.1,109747.4,108211.6,108353.5,944293.09,9442.9309,1028385145.92588,1
2025-10-30 13:00:00,108353.6,108711.0,107321.2,107573.4,1338307.1,13383.071,1445040303.76347,1
2025-10-30 14:00:00,107573.3,108352.1,107558.9,108204.9,465836.69,4658.3669,503206755.6964,1
2025-10-30 15:00:00,108204.9,108280.0,107266.0,107656.6,423087.3,4230.873,455649515.47725,1
2025-10-30 16:00:00,107656.6,108164.1,107509.2,108087.1,246914.41,2469.1441,266546194.13512,1
2025-10-30 17:00:00,108087.2,108100.0,106747.3,107431.6,715912.75,7159.1275,767456579.91348,1
2025-10-30 18:00:00,107431.5,107507.7,106707.7,106790.7,297204.49,2972.0449,318401566.6,1
2025-10-30 19:00:00,106790.6,107111.9,106212.9,106485.1,541657.84,5416.5784,577833124.02082,1
2025-10-30 20:00:00,106485.0,107644.0,106253.4,107454.1,389800.04,3898.0004,417284685.6653,1
2025-10-30 21:00:00,107454.0,107921.5,107345.3,107859.5,170362.59,1703.6259,183329721.31479,1
2025-10-30 22:00:00,107859.6,107898.4,107409.7,107863.8,159213.38,1592.1338,171397593.20068,1
2025-10-30 23:00:00,107863.8,108294.6,107550.7,108261.0,307528.54,3075.2854,332120924.63432,1
2025-10-31 00:00:00,108261.0,109560.7,108216.0,109268.8,460527.35,4605.2735,501082191.3327,1
2025-10-31 01:00:00,109268.9,109983.7,109128.6,109574.0,437347.21,4373.4721,479482005.12772,1
2025-10-31 02:00:00,109574.0,109627.9,108498.6,108794.8,370233.1,3702.331,403568589.64668,1
2025-10-31 03:00:00,108794.8,109286.8,108545.5,109163.7,314870.91,3148.7091,343172475.04247,1
2025-10-31 04:00:00,109163.8,110198.7,109037.7,110016.3,505029.0,5050.29,554006963.05664,1
2025-10-31 05:00:00,110016.3,110016.3,109624.7,109838.8,188307.15,1883.0715,206806122.42174,1
2025-10-31 06:00:00,109838.9,109913.2,109450.1,109585.1,170774.76,1707.7476,187190207.23604,1
2025-10-31 07:00:00,109585.1,109748.9,109207.3,109401.3,239021.79,2390.2179,261720016.54204,1
2025-10-31 08:00:00,109401.3,110071.9,109129.6,110020.2,294762.46,2947.6246,323213590.00819,1
2025-10-31 09:00:00,110020.1,110427.0,109760.0,109812.0,352457.97,3524.5797,387956780.59797,1
2025-10-31 10:00:00,109812.0,110085.8,109649.5,109770.0,145258.51,1452.5851,159579182.32211,1
2025-10-31 11:00:00,109770.0,110516.0,109425.0,110388.3,317197.1,3171.971,348614452.08537,1
2025-10-31 12:00:00,110388.4,110678.0,109567.0,109604.0,469312.01,4693.1201,516701949.60165,1
2025-10-31 13:00:00,109604.0,110206.0,109294.6,110104.5,417962.76,4179.6276,458948286.00115,1
2025-10-31 14:00:00,110104.6,110967.1,109503.1,110701.4,649354.66,6493.5466,715620208.30487,1
2025-10-31 15:00:00,110701.4,111111.1,110045.2,110122.5,460981.2,4609.812,509552957.73554,1
2025-10-31 16:00:00,110122.5,110240.0,108610.0,108780.9,491035.02,4910.3502,537169755.01574,1
2025-10-31 17:00:00,108780.9,109366.0,108565.9,109244.9,300727.56,3007.2756,327767402.36548,1
2025-10-31 18:00:00,109245.0,109800.0,108918.9,109392.3,257987.07,2579.8707,282177704.58701,1
2025-10-31 19:00:00,109392.3,110186.3,109066.8,109787.7,266419.95,2664.1995,292446374.56468,1
2025-10-31 20:00:00,109787.7,109787.7,109380.9,109437.7,130375.21,1303.7521,142881936.29681,1
2025-10-31 21:00:00,109437.7,109688.0,109261.5,109514.6,84069.28,840.6928,92029578.90913,1
2025-10-31 22:00:00,109514.5,109739.5,109420.8,109531.0,70765.51,707.6551,77561725.22852,1
2025-10-31 23:00:00,109531.0,109633.0,109457.0,109547.3,46826.71,468.2671,51295457.0949,1
2025-11-01 00:00:00,109547.3,109695.9,109329.2,109677.1,78283.75,782.8375,85719218.52692,1
2025-11-01 01:00:00,109677.2,110036.6,109637.3,109674.8,97539.19,975.3919,107092122.57503,1
2025-11-01 02:00:00,109674.8,109840.0,109413.9,109732.0,116015.07,1160.1507,127152149.58748,1
2025-11-01 03:00:00,109731.9,110250.0,109727.6,110174.0,178157.49,1781.5749,196042140.15715,1
2025-11-01 04:00:00,110173.9,110499.0,110055.0,110224.4,128988.02,1289.8802,142219099.24842,1
2025-11-01 05:00:00,110224.4,110326.1,109980.0,110070.6,94364.53,943.6453,103921324.72919,1
2025-11-01 06:00:00,110070.5,110117.4,109888.0,109952.7,76850.59,768.5059,84528701.55505,1
2025-11-01 07:00:00,109952.7,110200.0,109942.6,110009.9,72278.34,722.7834,79551503.91194,1
2025-11-01 08:00:00,110010.0,110212.3,110009.9,110188.2,64550.62,645.5062,71093792.03167,1
2025-11-01 09:00:00,110188.2,110210.0,109911.5,109955.9,82820.75,828.2075,91136078.51118,1
2025-11-01 10:00:00,109955.8,110136.5,109778.5,110119.3,97886.06,978.8606,107624751.00012,1
2025-11-01 11:00:00,110119.3,110188.0,109950.1,110094.4,64636.04,646.3604,71149402.40788,1
2025-11-01 12:00:00,110094.4,110163.4,109962.0,109974.4,62666.08,626.6608,68973197.19267,1
2025-11-01 13:00:00,109974.3,110010.0,109653.1,109899.7,90233.54,902.3354,99128922.33383,1
2025-11-01 14:00:00,109899.7,109949.8,109679.5,109887.4,91923.98,919.2398,100946782.23691,1
2025-11-01 15:00:00,109887.4,110301.3,109858.4,110240.0,127612.3,1276.123,140507312.12547,1
2025-11-01 16:00:00,110240.0,110486.0,110136.6,110418.6,129214.41,1292.1441,142527849.6717,1
2025-11-01 17:00:00,110418.7,110449.9,110127.8,110144.4,96370.24,963.7024,106254213.1083,1
2025-11-01 18:00:00,110144.3,110318.0,110143.3,110279.7,38076.98,380.7698,41966568.47434,1
2025-11-01 19:00:00,110279.8,110279.8,110165.0,110247.8,29872.19,298.7219,32920828.09543,1
2025-11-01 20:00:00,110247.8,110473.9,110242.1,110357.5,51544.76,515.4476,56881039.93918,1
2025-11-01 21:00:00,110357.4,110383.0,109800.0,109812.2,79372.79,793.7279,87401558.2323,1
2025-11-01 22:00:00,109812.2,110050.0,109812.1,110047.7,51666.51,516.6651,56804526.12498,1
2025-11-01 23:00:00,110047.7,110091.8,109921.5,110050.2,42529.07,425.2907,46783257.16707,1
2025-11-02 00:00:00,110050.2,110086.8,109854.5,109933.2,66883.0,668.83,73557554.80493,1
2025-11-02 01:00:00,109933.2,110054.1,109865.0,109929.5,51846.89,518.4689,57010931.7563,1
2025-11-02 02:00:00,109929.4,110225.8,109833.7,109972.6,81206.38,812.0638,89314524.2621,1
2025-11-02 03:00:00,109972.6,110035.7,109901.1,109993.7,49539.05,495.3905,54473469.61946,1
2025-11-02 04:00:00,109993.7,110749.1,109970.0,110627.6,209631.66,2096.3166,231402594.56747,1
2025-11-02 05:00:00,110627.7,110667.8,110230.0,110452.9,157727.89,1577.2789,174198355.42665,1
2025-11-02 06:00:00,110453.0,110683.1,110250.0,110608.0,99962.37,999.6237,110411571.02299,1
2025-11-02 07:00:00,110608.0,110999.0,110375.0,110841.5,155419.48,1554.1948,172061349.07759,1
2025-11-02 08:00:00,110841.6,110965.0,110655.8,110804.8,101042.32,1010.4232,111927523.53165,1
2025-11-02 09:00:00,110804.9,110993.6,110459.7,110661.4,175711.91,1757.1191,194573047.71269,1
2025-11-02 10:00:00,110661.4,110817.2,110305.8,110449.9,165430.65,1654.3065,182814299.75056,1
2025-11-02 11:00:00,110450.0,111199.7,110436.2,111151.1,185273.01,1852.7301,205407563.75574,1
2025-11-02 12:00:00,111151.1,111199.0,110633.0,110696.8,155216.92,1552.1692,172182852.87494,1
2025-11-02 13:00:00,110696.8,110716.8,110111.0,110505.0,255427.8,2554.278,281947102.14596,1
2025-11-02 14:00:00,110505.0,110624.6,110136.4,110364.1,178210.48,1782.1048,196671548.1808,1
2025-11-02 15:00:00,110364.1,110512.0,110020.1,110062.0,138543.78,1385.4378,152731912.08367,1
2025-11-02 16:00:00,110062.0,110093.7,109655.0,110057.7,283512.26,2835.1226,311572941.47092,1
2025-11-02 17:00:00,110057.7,110222.6,109968.7,110144.2,97805.11,978.0511,107685646.87907,1
2025-11-02 18:00:00,110144.2,110295.6,110122.9,110288.6,46158.15,461.5815,50867617.19211,1
2025-11-02 19:00:00,110288.5,110288.6,109906.0,110133.9,93109.6,931.096,102466196.10952,1
2025-11-02 20:00:00,110133.9,110167.0,109842.7,110037.4,59514.34,595.1434,65459878.54781,1
2025-11-02 21:00:00,110037.5,110089.4,109923.8,109950.3,42900.67,429.0067,47191112.22446,1
2025-11-02 22:00:00,109950.2,109978.0,109400.0,109863.8,134454.41,1344.5441,147474241.79602,1
2025-11-02 23:00:00,109863.8,110696.5,109863.8,110498.9,256557.94,2565.5794,282952048.01906,1
2025-11-03 00:00:00,110498.9,110737.3,109705.2,109705.3,203952.08,2039.5208,224820753.47664,1
2025-11-03 01:00:00,109705.2,109845.0,109305.1,109611.8,286309.56,2863.0956,313785598.92358,1
2025-11-03 02:00:00,109611.8,109705.2,108603.0,108991.2,419299.93,4192.9993,457203615.5727,1
2025-11-03 03:00:00,108991.2,109106.4,107842.7,107889.0,586111.34,5861.1134,634500734.30661,1
2025-11-03 04:00:00,107889.0,107970.5,107436.9,107849.2,446179.97,4461.7997,480593731.05201,1
2025-11-03 05:00:00,107849.3,108028.0,107358.0,107553.4,244117.8,2441.178,262956161.15844,1
2025-11-03 06:00:00,107553.3,107660.0,106897.4,107446.9,362066.38,3620.6638,388637439.65498,1
2025-11-03 07:00:00,107446.8,107798.9,107217.0,107420.1,260283.8,2602.838,279827281.41306,1
2025-11-03 08:00:00,107420.0,107666.1,106925.6,107541.1,257029.01,2570.2901,275758521.17549,1
2025-11-03 09:00:00,107541.0,107869.9,107049.0,107171.6,225702.72,2257.0272,242508321.23506,1
2025-11-03 10:00:00,107171.5,107575.5,106690.2,106938.9,221246.32,2212.4632,237021413.65724,1
2025-11-03 11:00:00,106938.9,107858.0,106916.9,107745.0,230370.73,2303.7073,247586649.53245,1
2025-11-03 12:00:00,107745.0,108217.5,107639.8,107704.8,339765.2,3397.652,366791030.43099,1
2025-11-03 13:00:00,107704.9,108016.8,107520.0,107855.0,176098.52,1760.9852,189728625.88879,1
2025-11-03 14:00:00,107854.9,108275.8,107306.0,108015.7,321648.58,3216.4858,346666528.56728,1
2025-11-03 15:00:00,108015.8,108109.5,105428.8,105701.5,1469417.43,14694.1743,1560882613.63515,1
2025-11-03 16:00:00,105701.6,106741.1,105250.0,106621.6,667136.34,6671.3634,707373122.82644,1
2025-11-03 17:00:00,106621.7,107700.0,106472.7,107417.0,438078.5,4380.785,469674534.33119,1
2025-11-03 18:00:00,107417.1,107538.8,106748.5,106903.0,240662.52,2406.6252,257856857.75651,1
2025-11-03 19:00:00,106903.0,107330.0,106374.4,107021.4,202984.14,2029.8414,216948064.58637,1
2025-11-03 20:00:00,107021.5,107105.6,106261.0,106600.0,176467.7,1764.677,188150845.1322,1
2025-11-03 21:00:00,106600.0,107044.4,106017.5,106838.2,227438.37,2274.3837,242548055.23418,1
2025-11-03 22:00:00,106838.2,106838.2,105748.2,106445.4,206864.43,2068.6443,219836853.98538,1
2025-11-03 23:00:00,106445.4,106715.7,105986.3,106533.6,113853.2,1138.532,121143239.47873,1
2025-11-04 00:00:00,106533.6,106773.8,105792.8,106431.1,315394.85,3153.9485,335247729.9413,1
2025-11-04 01:00:00,106431.1,107244.0,106235.9,106986.4,289808.01,2898.0801,309769727.22237,1
2025-11-04 02:00:00,106986.4,107180.5,106412.4,106435.2,178034.78,1780.3478,190139325.22577,1
2025-11-04 03:00:00,106435.2,107190.3,106167.9,107100.1,209820.43,2098.2043,224125434.73799,1
2025-11-04 04:00:00,107100.2,107250.1,106656.0,106686.3,161058.11,1610.5811,172267196.02482,1
2025-11-04 05:00:00,106686.2,106686.3,104131.0,104171.9,956697.03,9566.9703,1006303172.63371,1
2025-11-04 06:00:00,104171.9,105184.3,104139.0,104700.1,592826.56,5928.2656,620460663.57611,1
2025-11-04 07:00:00,104700.2,104913.5,104261.3,104444.3,322141.38,3221.4138,336728697.57917,1
2025-11-04 08:00:00,104444.3,104595.8,103710.5,104028.3,537231.94,5372.3194,559360057.65502,1
2025-11-04 09:00:00,104028.2,104121.9,103601.0,103822.9,353524.08,3535.2408,367140949.45325,1
2025-11-04 10:00:00,103823.0,104088.7,103565.8,103790.2,297538.22,2975.3822,308712259.19239,1
2025-11-04 11:00:00,103790.2,104680.0,103740.0,104536.9,329454.97,3294.5497,343667319.27109,1
2025-11-04 12:00:00,104536.8,104590.5,103772.6,103896.0,346261.75,3462.6175,360364613.1386,1
2025-11-04 13:00:00,103896.0,104192.8,103510.0,103864.9,314820.44,3148.2044,326910430.74493,1
2025-11-04 14:00:00,103865.0,104650.0,102849.8,104449.9,1028697.7,10286.977,1066524146.96301,1
2025-11-04 15:00:00,104449.9,104814.0,103142.1,103155.6,697860.97,6978.6097,726690529.07532,1
2025-11-04 16:00:00,103155.6,103465.1,102111.0,102218.5,856074.64,8560.7464,879365425.20611,1
2025-11-04 17:00:00,102218.5,102218.5,100733.4,101074.6,1313024.39,13130.2439,1331667687.97814,1
2025-11-04 18:00:00,101074.6,101469.3,99907.3,101324.9,1040237.75,10402.3775,1047202548.41961,1
2025-11-04 19:00:00,101324.9,101667.6,100355.1,100497.0,432984.86,4329.8486,437620938.74172,1
2025-11-04 20:00:00,100497.1,101083.4,99500.0,100727.7,962312.63,9623.1263,963827417.91554,1
2025-11-04 21:00:00,100727.7,100799.9,98888.1,100272.4,777347.85,7773.4785,774644985.97178,1
2025-11-04 22:00:00,100272.5,101849.6,100042.2,101255.7,565631.7,5656.317,571297471.5565,1
2025-11-04 23:00:00,101255.8,101693.8,100840.6,101436.4,290398.29,2903.9829,294138646.92907,1
2025-11-05 00:00:00,101436.4,101695.4,100308.2,100519.1,374218.99,3742.1899,377460111.30009,1
2025-11-05 01:00:00,100519.1,100977.9,98920.9,100712.0,877335.04,8773.3504,874905465.05254,1
2025-11-05 02:00:00,100712.0,101888.0,100701.8,101630.7,679085.17,6790.8517,688083698.43831,1
2025-11-05 03:00:00,101630.7,102218.5,101409.1,102085.7,412139.83,4121.3983,419897434.0344,1
2025-11-05 04:00:00,102085.8,102199.0,101485.0,101953.4,310339.63,3103.3963,316084140.25803,1
2025-11-05 05:00:00,101953.4,102316.0,101553.0,101774.4,288156.67,2881.5667,293700823.38634,1
2025-11-05 06:00:00,101774.4,102088.8,101434.5,102068.1,183033.04,1830.3304,186249031.45279,1
2025-11-05 07:00:00,102068.1,102129.6,101552.9,101961.0,177471.9,1774.719,180788085.96513,1
2025-11-05 08:00:00,101960.9,101961.0,101137.2,101656.0,328939.14,3289.3914,333862153.3081,1
2025-11-05 09:00:00,101656.0,102173.3,101552.4,101948.6,234173.21,2341.7321,238600639.33312,1
2025-11-05 10:00:00,101948.6,101954.4,101255.8,101350.0,167263.78,1672.6378,169978184.86033,1
2025-11-05 11:00:00,101350.1,102062.5,101337.6,102028.9,197178.82,1971.7882,200543455.10895,1
2025-11-05 12:00:00,102028.9,102800.0,101877.7,102612.0,410375.53,4103.7553,420213212.32022,1
2025-11-05 13:00:00,102611.9,103200.0,102227.2,102930.0,382979.14,3829.7914,393611833.0645,1
2025-11-05 14:00:00,102930.0,103431.0,102102.0,103169.1,763400.09,7634.0009,785431242.23911,1
2025-11-05 15:00:00,103169.9,103763.3,102788.0,103679.9,474015.93,4740.1593,489972566.79524,1
2025-11-05 16:00:00,103679.9,103995.8,103031.0,103881.0,347229.67,3472.2967,359671934.01659,1
2025-11-05 17:00:00,103881.0,103973.0,103302.4,103867.3,301300.73,3013.0073,312380966.1895,1
2025-11-05 18:00:00,103867.3,104388.0,103716.1,104302.7,295747.33,2957.4733,307819383.06068,1
2025-11-05 19:00:00,104302.7,104500.0,103927.4,103950.0,173368.59,1733.6859,180676433.68466,1
2025-11-05 20:00:00,103950.0,104499.7,103531.9,103790.5,235430.82,2354.3082,244757418.32955,1
2025-11-05 21:00:00,103790.6,103790.6,103416.4,103625.6,155189.77,1551.8977,160811195.32925,1
2025-11-05 22:00:00,103625.6,103736.0,103237.1,103656.5,157141.77,1571.4177,162563487.58966,1
2025-11-05 23:00:00,103656.5,104050.0,103613.3,103830.4,149808.2,1498.082,155591042.80114,1
2025-11-06 00:00:00,103830.4,103835.3,103273.4,103628.0,186056.55,1860.5655,192564242.50937,1
2025-11-06 01:00:00,103627.9,103628.0,102663.0,103320.1,406407.13,4064.0713,419052342.83586,1
2025-11-06 02:00:00,103320.0,103547.7,102806.4,103283.2,199440.77,1994.4077,205724482.70567,1
2025-11-06 03:00:00,103283.1,103916.7,103273.3,103602.5,276483.91,2764.8391,286596458.54638,1
2025-11-06 04:00:00,103602.5,104168.3,103531.2,103985.0,165587.52,1655.8752,171993418.01356,1
2025-11-06 05:00:00,103985.1,103985.1,103038.0,103108.1,240121.58,2401.2158,248260707.19521,1
2025-11-06 06:00:00,103108.1,103570.0,102963.0,103284.8,168306.84,1683.0684,173848016.87913,1
2025-11-06 07:00:00,103284.9,103538.0,102860.5,103149.6,264412.73,2644.1273,272771028.23394,1
2025-11-06 08:00:00,103149.5,103412.7,102943.4,103173.2,153667.79,1536.6779,158586390.52042,1
2025-11-06 09:00:00,103173.2,103238.0,102777.0,102777.1,155626.85,1556.2685,160229892.60465,1
2025-11-06 10:00:00,102777.1,103272.9,102600.1,103100.0,282344.79,2823.4479,290707714.23835,1
2025-11-06 11:00:00,103100.0,103273.0,102711.1,103198.9,152193.11,1521.9311,156780250.49717,1
2025-11-06 12:00:00,103199.0,103318.9,102330.0,102511.0,400047.92,4000.4792,410618173.02568,1
2025-11-06 13:00:00,102511.0,103590.0,102511.0,103269.7,417265.79,4172.6579,430572513.42148,1
2025-11-06 14:00:00,103269.7,103521.3,101977.5,102076.5,597079.49,5970.7949,612350751.76469,1
2025-11-06 15:00:00,102076.6,102899.8,101558.0,101960.2,792104.71,7921.0471,808475425.34736,1
2025-11-06 16:00:00,101960.2,102356.8,100250.0,100812.7,1197797.76,11977.9776,1211371867.22889,1
2025-11-06 17:00:00,100812.8,101900.0,100710.1,101746.3,491630.84,4916.3084,497795163.16675,1
2025-11-06 18:00:00,101746.3,102337.2,100842.1,101673.7,422669.13,4226.6913,429427209.67559,1
2025-11-06 19:00:00,101673.7,101950.2,101132.2,101331.8,205219.93,2052.1993,208443645.92504,1
2025-11-06 20:00:00,101331.8,101600.0,100588.5,100867.0,219200.95,2192.0095,221437291.9554,1
2025-11-06 21:00:00,100867.0,101190.3,100490.1,101074.5,204211.43,2042.1143,205869438.54458,1
2025-11-06 22:00:00,101074.4,101455.7,100967.1,101370.2,122927.42,1229.2742,124381461.23394,1
2025-11-06 23:00:00,101370.0,101486.5,101081.0,101306.0,144639.68,1446.3968,146444654.55904,1
2025-11-07 00:00:00,101306.1,101619.9,100689.2,101431.6,332978.96,3329.7896,337056031.90907,1
2025-11-07 01:00:00,101431.7,101843.5,100835.7,101487.9,364907.09,3649.0709,369643292.07294,1
2025-11-07 02:00:00,101487.9,101897.8,101191.3,101867.0,234983.49,2349.8349,238660093.04207,1
2025-11-07 03:00:00,101867.1,102300.0,101813.7,101864.0,290440.12,2904.4012,296554772.76887,1
2025-11-07 04:00:00,101864.1,102017.8,101520.1,101973.5,233753.99,2337.5399,237908649.66209,1
2025-11-07 05:00:00,101973.4,102486.5,101968.0,102416.7,242765.4,2427.654,248380403.34352,1
2025-11-07 06:00:00,102416.6,102459.8,101782.1,101783.1,154594.19,1545.9419,157891033.72986,1
2025-11-07 07:00:00,101783.0,101983.0,101580.0,101964.6,247387.21,2473.8721,251793386.55254,1
2025-11-07 08:00:00,101964.6,102008.0,101371.1,101461.5,192831.91,1928.3191,196037634.41667,1
2025-11-07 09:00:00,101461.5,101479.0,100738.4,100977.3,343680.42,3436.8042,347263934.35198,1
2025-11-07 10:00:00,100977.2,101239.7,100501.0,100717.7,308313.51,3083.1351,310898396.01428,1
2025-11-07 11:00:00,100717.8,100748.5,99740.0,100358.0,675363.24,6753.6324,676251065.07541,1
2025-11-07 12:00:00,100358.0,100585.4,99200.0,99594.7,511817.52,5118.1752,510628276.421,1
2025-11-07 13:00:00,99594.8,100532.9,99416.0,100289.9,442192.64,4421.9264,442590823.83151,1
2025-11-07 14:00:00,100290.0,100872.7,99461.8,100749.2,679219.66,6792.1966,681101851.39119,1
2025-11-07 15:00:00,100750.0,101217.0,100307.6,100753.1,590363.49,5903.6349,595004851.63423,1
2025-11-07 16:00:00,100750.1,101585.6,100473.9,101108.7,461195.19,4611.9519,466347448.3409,1
2025-11-07 17:00:00,101108.7,102689.1,100887.6,102345.1,553810.35,5538.1035,564877141.5923,1
2025-11-07 18:00:00,102345.2,102800.0,102233.0,102559.7,316545.07,3165.4507,324594630.18727,1
2025-11-07 19:00:00,102559.7,103351.0,102426.0,103342.0,296928.55,2969.2855,305730052.77339,1
2025-11-07 20:00:00,103342.0,103873.2,102902.6,103721.9,276390.6,2763.906,285865559.62191,1
2025-11-07 21:00:00,103721.7,103839.8,103300.0,103839.7,203392.13,2033.9213,210455069.81595,1
2025-11-07 22:00:00,103839.7,104044.0,103548.4,103576.0,192384.23,1923.8423,199720183.17566,1
2025-11-07 23:00:00,103576.0,103720.0,103240.3,103286.2,155803.87,1558.0387,161202040.96422,1
2025-11-08 00:00:00,103286.3,103367.0,102455.0,102653.9,297397.35,2973.9735,306118309.48766,1
2025-11-08 01:00:00,102654.0,103184.6,102601.2,102936.2,144474.72,1444.7472,148713560.24233,1
2025-11-08 02:00:00,102936.2,103280.8,102689.5,102790.3,147939.08,1479.3908,152395693.94756,1
2025-11-08 03:00:00,102790.4,103247.9,102531.0,102540.0,204487.28,2044.8728,210205781.54121,1
2025-11-08 04:00:00,102540.1,102794.2,102350.8,102527.3,178857.08,1788.5708,183471626.39635,1
2025-11-08 05:00:00,102527.4,102706.9,102235.7,102261.9,129151.7,1291.517,132322322.88795,1
2025-11-08 06:00:00,102261.9,102488.0,102044.0,102178.2,224302.99,2243.0299,229356407.73892,1
2025-11-08 07:00:00,102178.2,102369.9,101857.8,102316.0,217643.14,2176.4314,222245819.99691,1
2025-11-08 08:00:00,102316.1,102637.9,102112.0,102386.0,176036.82,1760.3682,180287498.29989,1
2025-11-08 09:00:00,102386.0,102574.3,102180.5,102349.0,119479.86,1194.7986,122290054.69225,1
2025-11-08 10:00:00,102349.0,102541.8,102247.2,102439.4,74890.05,748.9005,76691146.16149,1
2025-11-08 11:00:00,102439.4,102600.0,101664.8,101800.0,262821.42,2628.2142,268183964.69473,1
2025-11-08 12:00:00,101799.9,102062.0,101680.7,102015.6,164948.01,1649.4801,168091711.98959,1
2025-11-08 13:00:00,102015.6,102155.0,101673.4,101762.0,149892.65,1498.9265,152814787.95819,1
2025-11-08 14:00:00,101762.0,102044.7,101415.0,101788.8,246949.56,2469.4956,251158206.21985,1
2025-11-08 15:00:00,101788.9,101926.5,101455.1,101685.1,123316.6,1233.166,125340799.2232,1
2025-11-08 16:00:00,101685.1,101932.6,101453.3,101805.1,156195.88,1561.9588,158912756.57429,1
2025-11-08 17:00:00,101805.0,101962.6,101530.0,101946.7,93828.84,938.2884,95482728.20288,1
2025-11-08 18:00:00,101946.7,102180.0,101783.2,102086.4,108639.22,1086.3922,110790398.0414,1
2025-11-08 19:00:00,102086.3,102132.1,101458.1,101933.5,125568.93,1255.6893,127818288.26154,1
2025-11-08 20:00:00,101933.5,102129.8,101906.2,102019.2,58981.67,589.8167,60175556.35995,1
2025-11-08 21:00:00,102019.2,102331.0,101972.0,102225.4,59682.64,596.8264,60986671.74106,1
2025-11-08 22:00:00,102225.5,102391.2,102120.2,102328.3,79561.46,795.6146,81355263.37931,1
2025-11-08 23:00:00,102328.3,102449.1,102235.5,102268.9,58479.54,584.7954,59851149.21548,1
2025-11-09 00:00:00,102269.0,102308.4,101587.6,101760.6,165072.78,1650.7278,168225158.60191,1
2025-11-09 01:00:00,101760.5,102075.8,101650.0,102000.0,95305.42,953.0542,97102985.70393,1
2025-11-09 02:00:00,102000.0,102000.0,101535.0,101590.1,94698.37,946.9837,96382294.67629,1
2025-11-09 03:00:00,101590.0,101774.4,101320.0,101622.0,156009.23,1560.0923,158408745.4753,1
2025-11-09 04:00:00,101621.9,102092.9,101588.4,101667.0,141006.02,1410.0602,143628312.6365,1
2025-11-09 05:00:00,101667.0,101973.3,101614.2,101877.9,88385.96,883.8596,89951629.70646,1
2025-11-09 06:00:00,101877.9,101925.0,101650.0,101696.7,78876.27,788.7627,80289933.35666,1
2025-11-09 07:00:00,101696.7,101927.4,101625.7,101896.0,94294.3,942.943,95968765.46974,1
2025-11-09 08:00:00,101896.0,102020.0,101768.0,101940.0,87879.57,878.7957,89539656.70463,1
2025-11-09 09:00:00,101940.0,102083.0,101574.0,101600.0,156834.97,1568.3497,159691048.22889,1
2025-11-09 10:00:00,101600.1,101880.0,101450.1,101843.5,202298.57,2022.9857,205542501.79917,1
2025-11-09 11:00:00,101843.5,102291.0,101843.5,102205.9,191507.27,1915.0727,195527456.21283,1
2025-11-09 12:00:00,102205.9,102399.0,102012.0,102055.6,170005.17,1700.0517,173716636.99325,1
2025-11-09 13:00:00,102055.5,102950.9,102036.1,102872.0,317805.73,3178.0573,326036337.38609,1
2025-11-09 14:00:00,102871.9,104000.0,102713.0,102988.8,744885.4,7448.854,769868647.25682,1
2025-11-09 15:00:00,102988.8,104200.0,102925.2,103694.9,417092.35,4170.9235,432228389.17146,1
2025-11-09 16:00:00,103694.9,103858.5,103280.8,103800.0,239799.73,2397.9973,248305250.55224,1
2025-11-09 17:00:00,103800.0,103928.0,103286.0,103599.6,137437.85,1374.3785,142386200.72664,1
2025-11-09 18:00:00,103599.6,104555.5,103462.1,104481.0,295824.8,2958.248,308100809.34771,1
2025-11-09 19:00:00,104480.9,104771.1,104115.7,104763.9,346178.27,3461.7827,361898268.78614,1
2025-11-09 20:00:00,104763.9,105017.0,104346.2,104584.0,239352.1,2393.521,250481057.94516,1
2025-11-09 21:00:00,104584.1,104813.6,104256.9,104474.9,116607.83,1166.0783,121843995.36212,1
2025-11-09 22:00:00,104475.0,104805.6,104000.0,104687.7,208438.62,2084.3862,217546650.43486,1
2025-11-09 23:00:00,104687.9,105444.0,104459.3,104659.2,354864.54,3548.6454,372382859.21296,1
2025-11-10 00:00:00,104659.2,106477.0,104218.2,106255.1,784475.55,7844.7555,828990693.00424,1
2025-11-10 01:00:00,106255.1,106626.3,105688.2,105688.2,531374.9,5313.749,563823638.55585,1
2025-11-10 02:00:00,105688.2,106023.2,105555.0,105948.7,227329.61,2273.2961,240399554.053,1
2025-11-10 03:00:00,105948.6,106235.0,105782.3,105975.2,190397.08,1903.9708,201859381.69723,1
2025-11-10 04:00:00,105975.3,106260.0,105800.0,106118.4,163965.22,1639.6522,173822480.62597,1
2025-11-10 05:00:00,106118.3,106428.7,105942.2,106054.7,161478.38,1614.7838,171446350.42873,1
2025-11-10 06:00:00,106055.0,106277.0,105902.2,106172.2,124748.37,1247.4837,132378659.65909,1
2025-11-10 07:00:00,106172.1,106495.4,106100.0,106433.6,185235.13,1852.3513,196979137.23697,1
2025-11-10 08:00:00,106433.6,106550.0,105850.0,105937.2,230260.63,2302.6063,244491088.36445,1
2025-11-10 09:00:00,105937.2,106566.6,105781.3,106399.9,239398.32,2393.9832,254363163.54103,1
2025-11-10 10:00:00,106400.0,106425.8,105916.0,105950.0,137525.72,1375.2572,145970023.14644,1
2025-11-10 11:00:00,105950.0,106269.0,105892.5,106128.9,115644.9,1156.449,122679906.87607,1
2025-11-10 12:00:00,106129.0,106185.6,105815.0,105895.6,153184.7,1531.847,162251067.08728,1
2025-11-10 13:00:00,105895.7,106555.0,105870.0,106501.4,277872.0,2778.72,295502330.39757,1
2025-11-10 14:00:00,106501.5,106501.5,104650.0,104860.2,663246.01,6632.4601,699007251.28461,1
2025-11-10 15:00:00,104860.2,105575.7,104630.0,105034.9,519641.73,5196.4173,546200566.4747,1
2025-11-10 16:00:00,105034.9,105329.2,104747.5,105201.2,269066.69,2690.6669,282751389.71012,1
2025-11-10 17:00:00,105201.2,105963.4,105136.3,105909.1,266443.62,2664.4362,281247617.00823,1
2025-11-10 18:00:00,105909.1,106057.8,105418.9,105428.3,192202.17,1922.0217,203368197.5835,1
2025-11-10 19:00:00,105428.4,105991.6,105360.0,105769.5,140923.79,1409.2379,148902859.72352,1
2025-11-10 20:00:00,105769.4,106251.9,105747.2,105945.3,166655.64,1666.5564,176697329.64368,1
2025-11-10 21:00:00,105945.4,105973.0,105217.0,105585.6,163296.41,1632.9641,172280852.64867,1
2025-11-10 22:00:00,105585.5,106088.8,105310.0,106009.9,97898.46,978.9846,103459686.47731,1
2025-11-10 23:00:00,106010.0,106229.6,105837.5,105960.0,124152.11,1241.5211,131692740.09695,1
2025-11-11 00:00:00,105960.0,106090.7,105455.0,106082.4,172598.23,1725.9823,182588142.9177,1
2025-11-11 01:00:00,106082.4,107499.8,105974.0,106053.8,756034.15,7560.3415,807082405.0752,1
2025-11-11 02:00:00,106054.5,107098.7,105550.0,106600.1,437332.4,4373.324,464961128.01415,1
2025-11-11 03:00:00,106600.1,107047.3,106303.8,106410.5,186029.22,1860.2922,198411593.53102,1
2025-11-11 04:00:00,106410.5,106496.9,105651.5,105706.2,255870.61,2558.7061,271163965.20112,1
2025-11-11 05:00:00,105706.2,105707.0,105103.8,105208.3,317484.33,3174.8433,334535028.4953,1
2025-11-11 06:00:00,105208.2,105299.2,104850.0,105213.5,321262.92,3212.6292,337435933.31896,1
2025-11-11 07:00:00,105213.5,105282.2,104700.0,104750.9,245041.31,2450.4131,257189205.92883,1
2025-11-11 08:00:00,104750.8,105222.0,104729.6,105115.4,169820.74,1698.2074,178356179.27933,1
2025-11-11 09:00:00,105115.5,105436.4,104850.0,104911.6,191465.45,1914.6545,201364223.52093,1
2025-11-11 10:00:00,104911.6,105189.5,104866.7,105114.7,93646.72,936.4672,98380750.43188,1
2025-11-11 11:00:00,105114.7,105454.5,105089.3,105246.2,127467.74,1274.6774,134181097.88936,1
2025-11-11 12:00:00,105246.3,105441.4,104343.4,104510.0,361024.69,3610.2469,378071486.83905,1
2025-11-11 13:00:00,104509.9,104675.0,104200.0,104362.8,347743.32,3477.4332,363010124.31602,1
2025-11-11 14:00:00,104362.8,104647.6,103802.3,104536.0,551734.3,5517.343,575019915.10122,1
2025-11-11 15:00:00,104536.0,104556.8,103150.0,103418.8,776550.23,7765.5023,805297471.99196,1
2025-11-11 16:00:00,103418.9,103709.0,103175.0,103381.1,292304.56,2923.0456,302415416.31144,1
2025-11-11 17:00:00,103381.1,103603.4,102783.9,103295.5,370349.42,3703.4942,381927639.8968,1
2025-11-11 18:00:00,103295.5,103538.7,103005.6,103358.1,219542.34,2195.4234,226763121.03455,1
2025-11-11 19:00:00,103358.1,103409.9,102816.2,103082.4,176268.84,1762.6884,181821109.46201,1
2025-11-11 20:00:00,103082.3,103183.5,102620.0,102778.0,269602.85,2696.0285,277279565.72732,1
2025-11-11 21:00:00,102778.1,103049.6,102444.0,102605.3,225948.35,2259.4835,231934841.36226,1
2025-11-11 22:00:00,102605.2,103119.3,102471.0,102954.8,147847.28,1478.4728,152030480.04396,1
2025-11-11 23:00:00,102954.9,103177.9,102758.0,103017.9,161662.57,1616.6257,166476000.02662,1
2025-11-12 00:00:00,103018.0,103297.7,102771.3,102840.2,171966.07,1719.6607,177141149.91383,1
2025-11-12 01:00:00,102840.2,103326.5,102639.4,103200.2,177486.89,1774.8689,182940224.29553,1
2025-11-12 02:00:00,103200.2,103366.9,102888.0,103100.0,195214.64,1952.1464,201364635.01814,1
2025-11-12 03:00:00,103099.9,103399.7,103043.8,103273.3,104237.15,1042.3715,107620307.05142,1
2025-11-12 04:00:00,103273.2,103418.8,102976.1,103205.6,116614.69,1166.1469,120313373.44568,1
2025-11-12 05:00:00,103205.6,103430.1,103189.4,103350.0,91852.0,918.52,94889718.06993,1
2025-11-12 06:00:00,103350.0,103611.9,103296.0,103306.2,146811.28,1468.1128,151881561.78168,1
2025-11-12 07:00:00,103306.1,103491.4,103000.0,103072.3,146128.73,1461.2873,150887326.64858,1
2025-11-12 08:00:00,103072.3,104188.0,103072.3,104101.1,425305.38,4253.0538,441468114.28246,1
2025-11-12 09:00:00,104101.2,105100.0,104093.4,104480.0,778070.29,7780.7029,814418596.25571,1
2025-11-12 10:00:00,104480.0,105011.7,104480.0,104858.0,228151.48,2281.5148,239038596.83503,1
2025-11-12 11:00:00,104858.0,105167.0,104688.1,104982.8,216049.51,2160.4951,226704077.2226,1
2025-11-12 12:00:00,104982.8,105293.2,104774.4,104949.4,278258.35,2782.5835,292271316.90825,1
2025-11-12 13:00:00,104949.4,105146.9,104567.2,104999.9,264403.69,2644.0369,277302041.78506,1
2025-11-12 14:00:00,104999.9,104999.9,103542.6,103948.1,751411.16,7514.1116,783464457.06607,1
2025-11-12 15:00:00,103948.1,104271.5,101902.5,102123.2,1037125.36,10371.2536,1068244677.26174,1
2025-11-12 16:00:00,102123.2,102246.2,101250.0,101388.7,920455.1,9204.551,936145941.19277,1
2025-11-12 17:00:00,101388.8,102134.7,101360.6,101691.1,374296.36,3742.9636,380606924.83176,1
2025-11-12 18:00:00,101691.1,101906.2,101362.1,101485.4,220150.59,2201.5059,223675747.10901,1
2025-11-12 19:00:00,101485.4,101519.7,100688.7,101240.9,429957.09,4299.5709,434755980.42827,1
2025-11-12 20:00:00,101240.9,101796.7,101080.0,101486.7,199727.28,1997.2728,202774860.38036,1
2025-11-12 21:00:00,101486.7,101866.7,101464.8,101866.6,124776.76,1247.7676,126926626.36029,1
2025-11-12 22:00:00,101866.6,101947.8,101386.9,101928.1,117133.39,1171.3339,119101269.42918,1
2025-11-12 23:00:00,101928.0,101946.2,101422.0,101607.9,138947.47,1389.4747,141310846.69072,1
2025-11-13 00:00:00,101608.0,102000.0,101410.5,101815.4,148446.28,1484.4628,150993314.61145,1
2025-11-13 01:00:00,101815.3,102571.7,101783.9,101959.7,398152.31,3981.5231,406914473.27229,1
2025-11-13 02:00:00,101959.6,102288.0,101917.2,102000.0,125519.85,1255.1985,128144072.42614,1
2025-11-13 03:00:00,102000.0,102511.8,100862.5,102080.1,613651.05,6136.5105,624607286.49182,1
2025-11-13 04:00:00,102080.1,102367.6,101620.0,102074.5,308427.98,3084.2798,314518265.9618,1
2025-11-13 05:00:00,102074.3,103367.7,101726.5,103099.7,491683.33,4916.8333,505087230.93023,1
2025-11-13 06:00:00,103099.6,103638.0,102872.0,103547.0,428679.57,4286.7957,442963797.64366,1
2025-11-13 07:00:00,103547.0,104000.0,103247.5,103422.5,464740.33,4647.4033,481663095.05032,1
2025-11-13 08:00:00,103422.5,103760.8,103222.0,103623.4,220063.06,2200.6306,227840683.42038,1
2025-11-13 09:00:00,103623.4,103696.0,102491.9,102788.8,495415.18,4954.1518,509631831.64763,1
2025-11-13 10:00:00,102788.8,103237.9,102734.8,102948.4,183610.99,1836.1099,189102750.14216,1
2025-11-13 11:00:00,102948.4,103104.2,102650.0,102892.5,137619.38,1376.1938,141625047.34349,1
2025-11-13 12:00:00,102892.5,103253.0,102674.5,103105.3,232389.9,2323.899,239444713.6616,1
2025-11-13 13:00:00,103105.2,103121.3,102100.0,102282.6,478782.18,4787.8218,490746481.68656,1
2025-11-13 14:00:00,102282.6,103465.1,101688.0,102808.8,1194387.03,11943.8703,1224572370.15731,1
2025-11-13 15:00:00,102808.9,102958.4,101120.9,101322.0,809817.27,8098.1727,825930833.89007,1
2025-11-13 16:00:00,101322.1,101484.5,100500.0,100589.9,705543.6,7055.436,712506776.96591,1
2025-11-13 17:00:00,100589.9,100778.0,99561.5,99595.9,709219.06,7092.1906,710481144.47753,1
2025-11-13 18:00:00,99595.8,99881.7,98084.0,98540.0,1316944.52,13169.4452,1301534870.98081,1
2025-11-13 19:00:00,98540.1,99236.4,98257.8,98629.5,625587.84,6255.8784,617488931.94585,1
2025-11-13 20:00:00,98629.4,98950.0,97930.0,98119.9,653345.74,6533.4574,642667097.5365,1
2025-11-13 21:00:00,98119.9,98860.5,97938.3,98762.3,268002.36,2680.0236,263858320.67594,1
2025-11-13 22:00:00,98762.3,99880.5,98630.2,99803.5,314873.19,3148.7319,312933292.35811,1
2025-11-13 23:00:00,99803.4,100450.0,99500.4,99639.2,391259.84,3912.5984,391236045.9139,1
2025-11-14 00:00:00,99639.2,99752.2,98688.0,98949.5,626063.72,6260.6372,621274109.84818,1
2025-11-14 01:00:00,98949.6,99518.5,98664.5,99215.0,335633.03,3356.3303,332604993.21551,1
2025-11-14 02:00:00,99214.9,99825.4,99206.2,99581.5,235656.33,2356.5633,234668723.24328,1
2025-11-14 03:00:00,99581.4,99617.1,98754.8,99112.1,233971.3,2339.713,231925110.32343,1
2025-11-14 04:00:00,99112.1,99148.2,96650.0,97770.0,1533821.1,15338.211,1497420499.21227,1
2025-11-14 05:00:00,97769.7,97986.0,96968.3,97477.1,594712.78,5947.1278,579624441.23026,1
2025-11-14 06:00:00,97477.2,97560.0,95859.1,97500.1,865760.33,8657.6033,837310462.525,1
2025-11-14 07:00:00,97500.1,97699.1,96716.3,97086.4,641944.66,6419.4466,624319020.033,1
2025-11-14 08:00:00,97086.3,97402.8,96723.0,97329.0,300353.08,3003.5308,291518859.533,1
2025-11-14 09:00:00,97329.0,97500.0,96615.8,96805.8,272871.45,2728.7145,264778006.13566,1
2025-11-14 10:00:00,96805.7,97259.5,96629.1,96712.6,195754.26,1957.5426,189760708.83162,1
2025-11-14 11:00:00,96712.5,96910.4,95666.0,96142.1,629735.97,6297.3597,605686973.43934,1
2025-11-14 12:00:00,96142.0,96142.0,94500.1,95332.9,1202392.5,12023.925,1145399487.11286,1
2025-11-14 13:00:00,95332.9,95680.0,94538.0,95210.1,665484.03,6654.8403,632517348.56153,1
2025-11-14 14:00:00,95210.1,96766.8,94903.7,96478.7,1038730.59,10387.3059,996674874.39905,1
2025-11-14 15:00:00,96478.7,97280.0,95800.0,96751.9,719571.64,7195.7164,694560984.58594,1
2025-11-14 16:00:00,96751.9,97368.0,96212.0,96967.0,531369.44,5313.6944,514519253.40903,1
2025-11-14 17:00:00,96966.9,97074.6,95555.0,95805.7,480054.49,4800.5449,462372161.52915,1
2025-11-14 18:00:00,95805.7,96301.2,94910.0,95037.4,579583.7,5795.837,554048332.13632,1
2025-11-14 19:00:00,95037.3,95886.4,94754.1,95739.0,368838.32,3688.3832,351542006.22986,1
2025-11-14 20:00:00,95739.0,95915.4,94145.6,94340.0,648604.99,6486.0499,614148639.53326,1
2025-11-14 21:00:00,94340.0,95100.0,94183.3,95017.6,308252.79,3082.5279,292192531.55637,1
2025-11-14 22:00:00,95017.5,95435.0,94638.4,95137.9,286336.15,2863.3615,272318222.26973,1
2025-11-14 23:00:00,95137.8,95137.8,93929.7,94533.0,518275.48,5182.7548,489216142.50566,1
2025-11-15 00:00:00,94533.0,95379.3,94507.5,95110.9,311864.68,3118.6468,296374845.27314,1
2025-11-15 01:00:00,95111.0,95762.3,94703.2,95615.0,267737.35,2677.3735,255132936.55678,1
2025-11-15 02:00:00,95615.1,96450.0,95366.0,96429.1,325396.73,3253.9673,311939560.80898,1
2025-11-15 03:00:00,96429.2,96769.1,96088.0,96365.1,332530.25,3325.3025,320510490.08406,1
2025-11-15 04:00:00,96365.0,96474.0,95846.9,96058.2,199947.44,1999.4744,192167143.2346,1
2025-11-15 05:00:00,96058.3,96377.7,95922.7,96298.4,159635.83,1596.3583,153453787.85041,1
2025-11-15 06:00:00,96298.4,96546.2,95912.4,96084.3,209773.46,2097.7346,201857741.15001,1
2025-11-15 07:00:00,96084.2,96333.3,95910.1,96291.0,212603.85,2126.0385,204375487.31676,1
2025-11-15 08:00:00,96290.9,96333.3,95597.6,95874.5,337543.58,3375.4358,323949369.34625,1
2025-11-15 09:00:00,95873.7,96123.9,95625.5,95784.7,139114.39,1391.1439,133382522.75661,1
2025-11-15 10:00:00,95784.7,96025.2,95655.0,95913.9,110249.23,1102.4923,105652274.87471,1
2025-11-15 11:00:00,95913.9,95940.0,95585.0,95648.6,127243.44,1272.4344,121829034.17388,1
2025-11-15 12:00:00,95648.6,95837.5,95521.0,95765.1,131713.81,1317.1381,126018118.45343,1
2025-11-15 13:00:00,95765.1,96332.0,95680.1,96320.9,217789.13,2177.8913,209181606.98641,1
2025-11-15 14:00:00,96320.8,96430.0,95936.5,96200.0,222944.07,2229.4407,214463181.38044,1
2025-11-15 15:00:00,96200.0,96384.2,96052.0,96212.4,105696.79,1056.9679,101702656.28013,1
2025-11-15 16:00:00,96212.5,96297.7,95678.0,96119.9,261799.58,2617.9958,251109719.90423,1
2025-11-15 17:00:00,96119.9,96363.6,95814.1,96188.7,176475.52,1764.7552,169499741.06649,1
2025-11-15 18:00:00,96188.7,96300.0,95922.7,96000.1,106395.37,1063.9537,102244485.16557,1
2025-11-15 19:00:00,96000.2,96107.5,95875.5,95961.5,51530.75,515.3075,49465630.87703,1
2025-11-15 20:00:00,95961.5,95979.8,95079.1,95242.6,247197.34,2471.9734,235939354.18056,1
2025-11-15 21:00:00,95242.6,95630.0,95065.6,95237.3,179501.47,1795.0147,171178702.20597,1
2025-11-15 22:00:00,95237.3,95611.3,95177.5,95569.8,93596.52,935.9652,89329229.01816,1
2025-11-15 23:00:00,95569.9,95645.1,95441.5,95557.1,74476.6,744.766,71171737.4911,1
2025-11-16 00:00:00,95557.1,95666.1,95144.7,95319.0,131284.8,1312.848,125204251.76705,1
2025-11-16 01:00:00,95319.0,95459.0,94803.2,95231.6,279939.59,2799.3959,266240506.57971,1
2025-11-16 02:00:00,95231.6,95922.5,95050.0,95918.0,220864.09,2208.6409,211027603.59199,1
2025-11-16 03:00:00,95917.9,95938.6,95562.0,95769.9,111216.64,1112.1664,106508108.45797,1
2025-11-16 04:00:00,95769.9,95885.4,95600.0,95774.1,103674.03,1036.7403,99252875.19973,1
2025-11-16 05:00:00,95774.0,96144.0,95759.1,95841.7,145418.06,1454.1806,139523362.07597,1
2025-11-16 06:00:00,95841.7,95995.1,95694.0,95746.9,87271.26,872.7126,83664306.03656,1
2025-11-16 07:00:00,95747.0,96070.5,95671.1,96051.8,132144.03,1321.4403,126672696.77691,1
2025-11-16 08:00:00,96051.9,96192.3,95804.0,96064.9,123232.91,1232.3291,118260859.87696,1
2025-11-16 09:00:00,96064.9,96587.3,95881.2,96580.1,202456.67,2024.5667,194960738.75073,1
2025-11-16 10:00:00,96580.0,96586.4,96320.3,96400.0,163530.93,1635.3093,157714938.84349,1
2025-11-16 11:00:00,96400.0,96405.7,95466.1,95591.6,435688.57,4356.8857,417287238.63301,1
2025-11-16 12:00:00,95591.5,95875.7,95414.4,95724.9,225173.6,2251.736,215414941.51997,1
2025-11-16 13:00:00,95724.8,95820.0,95064.3,95375.1,302905.76,3029.0576,288835456.94496,1
2025-11-16 14:00:00,95375.1,95644.7,95275.4,95488.5,140778.17,1407.7817,134377090.46189,1
2025-11-16 15:00:00,95488.5,95518.2,94322.0,94540.2,458682.12,4586.8212,434946205.62774,1
2025-11-16 16:00:00,94540.2,94904.8,93939.7,94188.0,674803.39,6748.0339,636743559.63195,1
2025-11-16 17:00:00,94188.0,94493.3,93710.5,94310.9,480352.72,4803.5272,452028037.11194,1
2025-11-16 18:00:00,94310.9,95532.0,93740.7,94014.6,687638.24,6876.3824,650895613.19599,1
2025-11-16 19:00:00,94014.7,94569.6,93888.9,93992.2,262599.76,2625.9976,247511061.44249,1
2025-11-16 20:00:00,93992.1,94707.7,93926.7,94056.1,158364.61,1583.6461,149369854.37377,1
2025-11-16 21:00:00,94056.1,94172.2,93298.9,93459.6,417417.78,4174.1778,390815043.52437,1
2025-11-16 22:00:00,93459.6,94470.3,92935.2,94161.8,526924.48,5269.2448,493039545.18199,1
2025-11-16 23:00:00,94161.8,94514.3,92918.3,94224.4,731524.54,7315.2454,685764612.27778,1
2025-11-17 00:00:00,94224.4,95350.0,93733.3,95264.4,599814.11,5998.1411,567496938.32605,1
2025-11-17 01:00:00,95264.4,95460.0,94685.0,94734.7,244471.47,2444.7147,232390366.45879,1
2025-11-17 02:00:00,94734.8,95371.0,94671.3,94942.2,213014.24,2130.1424,202490581.78517,1
2025-11-17 03:00:00,94942.3,95521.3,94927.0,95460.0,228444.64,2284.4464,217761050.64497,1
2025-11-17 04:00:00,95459.9,95542.4,94850.1,95063.9,295969.02,2959.6902,281788192.96528,1
2025-11-17 05:00:00,95063.8,95242.9,94850.5,95096.1,180253.45,1802.5345,171332207.01414,1
2025-11-17 06:00:00,95096.1,95309.4,94855.6,95249.5,153120.43,1531.2043,145521056.10463,1
2025-11-17 07:00:00,95249.5,95842.3,95172.8,95599.1,305901.1,3059.011,292194431.04238,1
2025-11-17 08:00:00,95599.1,95978.9,95476.5,95569.9,248344.09,2483.4409,237667691.35423,1
2025-11-17 09:00:00,95569.9,95833.0,95259.4,95609.2,201150.14,2011.5014,192228726.77539,1
2025-11-17 10:00:00,95609.2,95853.8,95504.7,95612.0,137312.93,1373.1293,131372886.36153,1
2025-11-17 11:00:00,95612.0,95900.0,95353.8,95526.0,197632.15,1976.3215,188906348.29962,1
2025-11-17 12:00:00,95525.9,95546.2,95230.8,95281.7,213442.52,2134.4252,203579648.8686,1
2025-11-17 13:00:00,95281.7,95343.7,93540.0,93913.3,976806.31,9768.0631,920937439.06057,1
2025-11-17 14:00:00,93913.3,96000.0,93719.4,94719.4,1463333.16,14633.3316,1388769526.519,1
2025-11-17 15:00:00,94719.3,94972.9,93735.8,93913.4,852244.33,8522.4433,803515250.93155,1
2025-11-17 16:00:00,93915.3,94382.5,93012.8,94271.5,868683.27,8686.8327,812648265.91691,1
2025-11-17 17:00:00,94271.6,94361.2,92625.0,92723.2,597989.72,5979.8972,557510932.41301,1
2025-11-17 18:00:00,92723.1,93165.9,92366.1,92490.3,722865.0,7228.65,670143850.71827,1
2025-11-17 19:00:00,92490.2,92606.4,91555.0,91651.3,767193.33,7671.9333,705887429.48819,1
2025-11-17 20:00:00,91651.2,92191.7,91255.1,91879.9,632286.99,6322.8699,579764378.56271,1
2025-11-17 21:00:00,91879.9,92223.5,91473.6,91924.6,305961.19,3059.6119,280905676.64833,1
2025-11-17 22:00:00,91924.7,92350.0,91785.7,92208.2,247313.97,2473.1397,227738423.65663,1
2025-11-17 23:00:00,92208.1,92241.1,91735.0,92170.1,196619.4,1966.194,180835668.41597,1
2025-11-18 00:00:00,92170.1,92315.3,91150.0,92123.8,421026.33,4210.2633,386400072.25415,1
2025-11-18 01:00:00,92123.6,92179.8,91567.3,91674.3,316952.27,3169.5227,291183446.84882,1
2025-11-18 02:00:00,91674.3,91705.8,90650.1,90831.8,883540.02,8835.4002,805803524.64264,1
2025-11-18 03:00:00,90831.8,90899.0,89677.0,90807.4,1271738.38,12717.3838,1148634060.34778,1
2025-11-18 04:00:00,90807.3,90834.1,89250.5,90057.8,905705.76,9057.0576,814171157.12956,1
2025-11-18 05:00:00,90057.8,90450.0,89700.0,90193.9,414645.17,4146.4517,373735026.22112,1
2025-11-18 06:00:00,90193.9,90200.0,89350.0,89621.3,410039.47,4100.3947,367901714.13932,1
2025-11-18 07:00:00,89621.3,90501.4,89313.0,90455.0,472614.58,4726.1458,425393410.46935,1
2025-11-18 08:00:00,90455.1,91394.4,90452.9,91178.9,647255.52,6472.5552,589062410.13635,1
2025-11-18 09:00:00,91178.9,91432.1,90835.0,91350.9,405579.28,4055.7928,369558224.19332,1
2025-11-18 10:00:00,91351.0,91568.4,91200.0,91530.7,258830.14,2588.3014,236581937.06634,1
2025-11-18 11:00:00,91530.7,91550.0,91184.7,91467.1,224539.0,2245.39,205211907.55294,1
2025-11-18 12:00:00,91467.0,91840.0,91046.6,91470.7,419806.44,4198.0644,383945908.4356,1
2025-11-18 13:00:00,91470.7,91625.6,90880.0,91441.5,367600.94,3676.0094,335453673.85604,1
2025-11-18 14:00:00,91441.4,92410.1,91174.6,91320.0,969591.12,9695.9112,890340559.37092,1
2025-11-18 15:00:00,91320.0,93000.0,90962.6,92861.4,1222060.22,12220.6022,1128164008.54239,1
2025-11-18 16:00:00,92861.3,93784.8,92530.0,93450.1,864087.23,8640.8723,805971372.619,1
2025-11-18 17:00:00,93450.0,93608.1,92778.3,93217.3,414422.02,4144.2202,386120241.25004,1
2025-11-18 18:00:00,93217.2,93725.0,93100.0,93283.8,267352.74,2673.5274,249767256.2508,1
2025-11-18 19:00:00,93283.9,93567.4,92943.6,93137.3,189765.78,1897.6578,176918323.38954,1
2025-11-18 20:00:00,93137.3,93262.5,92620.5,92756.0,215863.43,2158.6343,200575485.15346,1
2025-11-18 21:00:00,92756.0,92999.8,92419.1,92456.1,188176.67,1881.7667,174474753.92948,1
2025-11-18 22:00:00,92456.0,93373.3,92451.8,93103.7,164019.69,1640.1969,152549961.62158,1
2025-11-18 23:00:00,93103.8,93132.4,92689.3,92922.5,145258.29,1452.5829,134888556.38672,1
2025-11-19 00:00:00,92922.4,92942.9,91900.0,92387.3,376802.85,3768.0285,347801558.46875,1
2025-11-19 01:00:00,92387.3,92617.6,91910.2,92417.4,263372.3,2633.723,242931538.8043,1
2025-11-19 02:00:00,92417.5,92842.4,92238.5,92536.6,245311.23,2453.1123,227140322.52091,1
2025-11-19 03:00:00,92536.6,92609.2,91633.0,91839.2,296181.95,2961.8195,272500994.29722,1
2025-11-19 04:00:00,91839.3,91937.8,91111.0,91120.6,366065.74,3660.6574,334974536.84355,1
2025-11-19 05:00:00,91120.7,91242.2,89960.0,90430.0,850531.73,8505.3173,770108929.68419,1
2025-11-19 06:00:00,90430.1,91047.1,90240.0,90931.0,525110.99,5251.1099,476170148.07565,1
2025-11-19 07:00:00,90931.0,91980.3,90894.8,91809.0,489774.97,4897.7497,448088174.13034,1
2025-11-19 08:00:00,91809.0,91912.9,91228.7,91427.3,334661.09,3346.6109,306599422.38633,1
2025-11-19 09:00:00,91427.2,91479.0,91031.0,91475.3,262475.35,2624.7535,239555175.68269,1
2025-11-19 10:00:00,91475.4,91654.9,91172.9,91260.0,213429.22,2134.2922,195149306.09129,1
2025-11-19 11:00:00,91260.0,91744.7,91253.1,91352.6,164942.21,1649.4221,150926494.41988,1
2025-11-19 12:00:00,91352.6,91832.2,91149.3,91729.9,242974.1,2429.741,222258212.67517,1
2025-11-19 13:00:00,91730.0,91862.9,91184.3,91348.2,268893.68,2688.9368,246002684.25914,1
2025-11-19 14:00:00,91348.3,91816.9,91000.0,91670.3,519604.45,5196.0445,474942441.43064,1
2025-11-19 15:00:00,91670.2,92343.5,89819.2,89895.6,1276118.35,12761.1835,1160457158.86894,1
2025-11-19 16:00:00,89895.5,90189.0,89408.9,89862.5,828031.88,8280.3188,743375177.00484,1
2025-11-19 17:00:00,89862.4,90090.5,88832.1,89460.2,970690.06,9706.9006,866668630.23965,1
2025-11-19 18:00:00,89460.1,89680.0,88739.7,89199.6,587308.38,5873.0838,523361785.77832,1
2025-11-19 19:00:00,89199.5,89338.0,88567.0,88848.6,387074.48,3870.7448,344166232.02002,1
2025-11-19 20:00:00,88848.7,89675.6,88556.1,89492.9,473554.38,4735.5438,422258730.4348,1
2025-11-19 21:00:00,89492.8,90814.1,89415.3,90568.8,692732.44,6927.3244,625027541.91991,1
2025-11-19 22:00:00,90568.7,90617.4,90055.0,90445.8,250430.25,2504.3025,226347316.77952,1
2025-11-19 23:00:00,90445.7,91568.8,90439.5,91520.6,611305.01,6113.0501,557993656.56494,1
2025-11-20 00:00:00,91520.6,92280.0,91146.9,91857.2,449728.83,4497.2883,413087339.79707,1
2025-11-20 01:00:00,91857.3,92696.3,91800.0,92569.9,474372.88,4743.7288,438067550.09292,1
2025-11-20 02:00:00,92570.0,92777.0,92301.0,92571.4,365219.45,3652.1945,337942087.34246,1
2025-11-20 03:00:00,92571.4,92697.2,92326.2,92417.0,328773.05,3287.7305,304123391.75343,1
2025-11-20 04:00:00,92416.9,92960.0,92100.0,92938.5,400318.83,4003.1883,370170314.87625,1
2025-11-20 05:00:00,92938.5,93130.0,92530.0,92577.9,331154.7,3311.547,307426451.60565,1
2025-11-20 06:00:00,92577.9,92814.2,91641.3,91941.9,429382.48,4293.8248,395437380.45576,1
2025-11-20 07:00:00,91941.9,92416.2,91768.0,92288.3,361212.17,3612.1217,332697300.01401,1
2025-11-20 08:00:00,92288.4,92400.0,92009.6,92092.5,258118.37,2581.1837,238012012.32019,1
2025-11-20 09:00:00,92092.6,92096.1,91410.0,91876.0,420881.06,4208.8106,386293000.65922,1
2025-11-20 10:00:00,91876.0,92021.9,91567.0,91764.4,335669.61,3356.6961,308126861.84402,1
2025-11-20 11:00:00,91764.4,91983.4,91450.0,91886.4,200387.45,2003.8745,183787915.36009,1
2025-11-20 12:00:00,91886.5,91958.0,91644.2,91794.4,150185.52,1501.8552,137883216.41469,1
2025-11-20 13:00:00,91794.4,92548.0,91437.6,91491.0,772676.76,7726.7676,710003899.46354,1
2025-11-20 14:00:00,91490.9,91644.9,90394.5,91068.6,1248165.8,12481.658,1136230320.08119,1
2025-11-20 15:00:00,91069.1,91143.0,89773.3,89817.1,793263.4,7932.634,717182375.00506,1
